<!DOCTYPE html><html><head><script nonce="duU5oeJw-fLczXQQQSy5qA"> window['_DRIVE_VIEWER_ctiming']={}; </script><meta name="google" content="notranslate"><meta http-equiv="X-UA-Compatible" content="IE=edge;"><style nonce="3J8omVXUXVh4k9MAmW6IDw">@font-face{font-family:'Roboto';font-style:italic;font-weight:400;src:url(//fonts.gstatic.com/s/roboto/v18/KFOkCnqEu92Fr1Mu51xIIzc.ttf)format('truetype');}@font-face{font-family:'Roboto';font-style:normal;font-weight:300;src:url(//fonts.gstatic.com/s/roboto/v18/KFOlCnqEu92Fr1MmSU5fBBc9.ttf)format('truetype');}@font-face{font-family:'Roboto';font-style:normal;font-weight:400;src:url(//fonts.gstatic.com/s/roboto/v18/KFOmCnqEu92Fr1Mu4mxP.ttf)format('truetype');}@font-face{font-family:'Roboto';font-style:normal;font-weight:500;src:url(//fonts.gstatic.com/s/roboto/v18/KFOlCnqEu92Fr1MmEU9fBBc9.ttf)format('truetype');}@font-face{font-family:'Roboto';font-style:normal;font-weight:700;src:url(//fonts.gstatic.com/s/roboto/v18/KFOlCnqEu92Fr1MmWUlfBBc9.ttf)format('truetype');}</style><meta name="referrer" content="origin"><title>Vizient_Membership_Eligibility-02-06-2025.csv - Google Drive</title><script nonce="duU5oeJw-fLczXQQQSy5qA">
          window['_DRIVE_VIEWER_IVIS'] = document.visibilityState;
        </script><meta property="og:title" content="Vizient_Membership_Eligibility-02-06-2025.csv"><meta property="og:type" content="article"><meta property="og:site_name" content="Google Docs"><meta property="og:url" content="https://drive.google.com/file/d/1AAlgph3LELSsaBTpMmY2Nnh8z1AFHGCh/view?usp=sharing&amp;usp=embed_facebook"><link rel="shortcut icon" href="https://ssl.gstatic.com/images/branding/product/1x/drive_2020q4_32dp.png"><script nonce="duU5oeJw-fLczXQQQSy5qA"> window['_DRIVE_VIEWER_ctiming']['cls']=performance.now(); </script><link rel="stylesheet" href="https://fonts.googleapis.com/css?family=Google+Sans_old:300,400,500,700" nonce="3J8omVXUXVh4k9MAmW6IDw"><link rel="stylesheet" href="https://www.gstatic.com/_/apps-fileview/_/ss/k=apps-fileview.v.WXGueP1DrBs.L.X.O/am=AAY/d=0/rs=AO0039tnrfRJd3zvjEtVsC7wpKoPgYDxqg" data-id="_cl" nonce="3J8omVXUXVh4k9MAmW6IDw"><link href="https://fonts.googleapis.com/css2?family=Google+Material+Icons:wght@400;500;700" rel="stylesheet" nonce="3J8omVXUXVh4k9MAmW6IDw"><script nonce="duU5oeJw-fLczXQQQSy5qA"> window['_DRIVE_VIEWER_ctiming']['cle']=performance.now(); </script><script data-id="_gd" nonce="duU5oeJw-fLczXQQQSy5qA">window.WIZ_global_data = {"TSDtV":"%.@.[[null,[[45664467,null,false,null,null,null,\"dXV8Sd\"],[45661137,null,null,0.5,null,null,\"AtjTse\"],[45638834,null,true,null,null,null,\"Qvny4b\"],[45677445,null,false,null,null,null,\"rPYk8\"],[45662509,null,false,null,null,null,\"fLCtnf\"],[45658198,null,false,null,null,null,\"vvY5dc\"],[45660942,null,true,null,null,null,\"KdGYpb\"],[45678215,null,null,null,\"6PSdkFYUx0suK1NZr2K0SmPPgaGe\",null,\"JR8rtc\"],[45657263,null,false,null,null,null,\"ByEExb\"],[45664087,null,false,null,null,null,\"Jdhx2b\"],[45678217,null,null,0.5,null,null,\"RL6SLc\"],[45648275,null,false,null,null,null,\"X5yyz\"],[45674978,null,false,null,null,null,\"x4QBkb\"],[45678214,null,null,null,\"qYGgY5L4A0suK1NZr2K0QusvQmcX\",null,\"VL579e\"],[45677726,null,false,null,null,null,\"C5oZKe\"],[45658200,null,false,null,null,null,\"eQh1jf\"],[45674285,null,false,null,null,null,\"zRoGXc\"],[45679713,null,false,null,null,null,\"EEZ1dd\"],[45681366,null,false,null,null,null,\"d3mqye\"],[45644642,null,null,null,\"X-WS exp!\",null,\"rsrxGc\"],[45674761,null,null,0.5,null,null,\"GpQcOb\"],[45677526,null,null,null,\"hZeGRZs5p0suK1NZr2K0V3syYPHo\",null,\"KtCfwd\"],[45678663,null,false,null,null,null,\"uirgz\"],[45676756,null,false,null,null,null,\"C86aAf\"],[45671652,null,false,null,null,null,\"nRs7cd\"],[45664527,null,false,null,null,null,\"QGmLFd\"],[45677444,null,false,null,null,null,\"WYEV9b\"],[45676183,null,false,null,null,null,\"EpABPb\"],[45664877,null,false,null,null,null,\"RL5Cye\"],[45673588,null,null,0.5,null,null,\"f2rumf\"],[45661802,null,false,null,null,null,\"I09lfd\"],[45658199,null,false,null,null,null,\"UXqG3c\"],[45641838,null,false,null,null,null,\"fLPxhf\"],[45664160,null,false,null,null,null,\"Eiio6\"],[45643359,null,false,null,null,null,\"GcxuKe\"],[45673586,null,null,null,\"nHWnsqMqi0suK1NZr2K0QMJZfKqX\",null,\"ppomFf\"],[45639541,null,false,null,null,null,\"LHinid\"],[45679327,null,false,null,null,null,\"vrvOwc\"],[45661136,null,null,null,\"LDFXpiDs0Bn3gbW4AcZC0VE4cHdd\",null,\"fFl01\"],[45670693,null,false,null,null,null,\"V7Wemb\"],[45674760,null,null,null,\"Q2udpf42g0suK1NZr2K0SS4sTYE7\",null,\"E55iCf\"],[45660690,null,false,null,null,null,\"ovKHsb\"],[45672527,null,false,null,null,null,\"LIKBre\"],[45677461,null,null,null,null,null,\"qb66hd\",[\"[]\"]],[45682655,null,false,null,null,null,\"riQMFe\"],[45654291,null,false,null,null,null,\"rhP5uf\"],[45678265,null,false,null,null,null,\"P7qpdc\"],[45653421,null,true,null,null,null,\"K2C7od\"],[45673846,null,false,null,null,null,\"W1nFFe\"],[45644639,null,true,null,null,null,\"GoJCRc\"],[45657471,null,null,null,null,null,\"kMR5pc\",[\"[]\"]],[45659673,null,true,null,null,null,\"pz5Iuf\"],[45679439,null,false,null,null,null,\"DNzQwe\"],[45673587,null,null,null,\"Q2udpf42g0suK1NZr2K0SS4sTYE7\",null,\"udcjk\"],[45621619,null,false,null,null,null,\"PfkIr\"],[45660287,null,false,null,null,null,\"nIuPDe\"],[45676780,null,false,null,null,null,\"GSMsUe\"],[45666088,null,false,null,null,null,\"MgfT5\"],[45656772,null,false,null,null,null,\"oWa9gb\"],[45673583,null,false,null,null,null,\"yYk5Vd\"],[45675918,null,false,null,null,null,\"nBRnof\"],[45677456,null,false,null,null,null,\"pyUPD\"],[45679547,null,false,null,null,null,\"ClUIAe\"],[45674975,null,false,null,null,null,\"sBUhfc\"],[45674758,null,true,null,null,null,\"ZHtfUc\"],[45680245,null,false,null,null,null,\"Bl8WQe\"],[45653615,null,null,null,null,null,\"lwF00d\",[\"[]\"]],[45671506,null,true,null,null,null,\"j9Dhe\"],[45671828,null,false,null,null,null,\"MQFJne\"],[45664242,null,false,null,null,null,\"o4hKqd\"],[45678908,null,false,null,null,null,\"V6Qvvf\"],[45681790,null,false,null,null,null,\"uPCxtc\"],[45647060,null,true,null,null,null,\"uYjPWb\"],[45661298,null,false,null,null,null,\"oph2Ib\"],[45644641,null,null,3.14159,null,null,\"FX1FL\"],[45678679,null,false,null,null,null,\"HbebVe\"],[45677690,null,true,null,null,null,\"VLTUHb\"],[45666092,null,true,null,null,null,\"iHmSWc\"],[45644640,42,null,null,null,null,\"xbuGR\"],[45674759,null,null,null,\"nHWnsqMqi0suK1NZr2K0QMJZfKqX\",null,\"xH7haf\"],[45654169,null,false,null,null,null,\"HCu2yf\"],[45666032,null,false,null,null,null,\"p4vAQc\"],[45670976,null,false,null,null,null,\"LUz5sd\"],[45677729,null,false,null,null,null,\"wzZQPd\"]],\"CAMSMB0pz7OoNwO6pQ8D+oUIspoFA7gTA/bJDQO7mQQDqLoPiP4FA+XcDwP7hwQDj/8CAw\\u003d\\u003d\"]]]","nQyAE":{}};</script><script nonce="duU5oeJw-fLczXQQQSy5qA"> window['_DRIVE_VIEWER_ctiming']['difs']=performance.now();</script><script nonce="duU5oeJw-fLczXQQQSy5qA">_docs_flag_initialData={"docs-ails":"docs_cold","docs-fwds":"docs_nf","docs-crs":"docs_crs_nl","docs-cp-tp":6,"docs-cr-tp":5,"docs-fe-re":2,"docs-fl":2,"docs-l1lc":2,"docs-l1lm":"ATL","docs-l2lc":2,"docs-l2lm":"ATL","docs-l2t":0,"docs-lsd":3,"docs-orl":1,"docs-shdn":0,"docs-tfh":"","info_params":{},"docs-ecdh":true,"docs-ecbwm":false,"docs-elaswm":false,"docs-edswm":false,"docs-eeoswm":false,"docs-emaswm":false,"docs-emswm":false,"docs-eodpswm":false,"docs-eobswm":false,"docs-epcswm":false,"docs-wiz-epdwm":true,"docs-epsc":false,"docs-epdwm":true,"docs-erhswm":false,"docs-esswm":false,"docs-eucrdwm":false,"docs-mm":10,"docos-dphl":10000,"docos-dpsl":9900,"docs-cpr":true,"docos-edutfr":false,"docs-eveia":false,"uls":"","customer_type":"ND","docs-obsImUrl":"https://ssl.gstatic.com/docs/common/netcheck.gif","docs-ecuach":false,"docs-ecci":false,"docs-esi":false,"docs-cei":{"i":[5703839,102298028,95125018,71478577,101754290,71387260,95112801,95193599,49943087,102467190,71961254,5713195,5711538,49979626,102244537,71038182,94573608,101860878,71325684,5712270,95250137,101687005,102116386,101939015,71085229,101705085,99338488,71239074,49623141,95118459,102161535,50439148,102065556,71185138,95136081,5799034,94624793,71574038,102145145,102617493,99311027,101794555,94333061,102226807,94434465,49924734,70971144,95194617,101582132,102417908,101614120,101701377,102255488,94517171,101432867,94353316,94502762,71288994,94574967,71659921,50549483,71897995,102034821,102545870,49622751,95087345,50297104,99402399,71079826,102244911,101447056,94929278,71791547,94393648,102172242,99266014,94658119,94813451,49822889,102013694,95087074,50513182,101442753,102275084,94684720,5712647,102014950,49842923,71528465,99327859,71536547,101543305,101552044,5792878,49769385,101776165,94724986,71412030,95065877,101543608,95104247,71960368,71690008,50529271,5737800,102029941,94507615,71546253,94618665,49498961,49643716,71658008,101809790,102114717,94896813,71530953,94919060,50561411,5712639,101448280,71882134,50587050,101440077,99368700,95309856,101939314,50266070,102133329,101823171,71387957,102159131,71642071,50562726,101488430,71478148,49823132,95314650,71561629,94661850,94942458,5707899,101488771,94597607,49833490,50273576,71407161,101617364,71795647,101426124,71722094,94904117,99237569,99818768,102030570,49472091,101941077,71849313,101562434,49375342,101672658,49643963,71402445,71530191,71528565,94629725,101519308,95234919,101575568,71721015,50297374,102198390,94874877,102564484,101800946,71679568,71545621,71197914,102145733,71544762,50596302,102087879,5704621,94692486,101858249,5704745,102457678,48966262,71429635,71121016,71894471,94327699,95288996,5714051,5705891,94618570,102298012,95125010,71478569,101754282,71387252,95112793,95193591,49943079,102467185,71961246,49979618,102244529,71038174,94573592,101860873,71325676,95250121,101686997,102116381,101939007,71085221,95317965,99338480,71239066,49623133,95118451,102161527,50439140,102065548,71185130,95136073,5799018,94624785,71574030,102145137,102617485,99311019,101794547,94333053,101821710,94434457,49924726,70971136,95194601,101582116,102417903,101614112,101701369,102255480,94517155,101432851,94353308,94502754,71288986,94574951,71659913,50549475,71897987,102034816,102545862,49622743,95087337,50297096,99402391,71079818,102244895,101447048,94929270,71791531,94393632,102172234,99266006,94658103,94813443,49822881,102013686,95087066,50513174,101442745,102275079,94684712,102014942,49842915,71528457,99327843,71536539,101543289,101552028,5792862,49769377,101776149,94724970,71412022,95065869,101543600,95104239,71960360,71690000,50529263,5737784,102029925,94507599,71546245,94618649,49498953,49643708,71658000,101809774,102114712,94896797,71530937,94919052,50561403,101448275,71882126,50587042,101440072,99368692,95309840,101939306,50266062,102133321,101823163,71387949,102159123,71642063,50562718,101488422,71478140,49823124,95314642,71561621,94661842,94942450,101488763,94597599,49833482,50273568,71407145,101617356,71795631,101426108,71722078,94904109,99237561,99818752,102030562,49472083,101941069,71849305,101562426,49375334,101672653,49643955,71402429,71530183,71528557,94629717,101519300,95234911,101575563,71721007,50297366,102198382,94874869,102564479,101800938,71679560,71545613,71197906,102145725,71544754,50596294,102087874,94692478,101858244,102457670,48966254,71429627,71121008,71894463,94327691,95288980,94618554],"cf":{}},"docs-exfv":false,"docs-api-keys":{},"docs-etut":false,"docs-erbtit":false,"docs-etsonc":false,"docs-effnp":false,"docs-effnpf":false,"buildLabel":"apps-fileview.texmex_20250227.00_p1","docs-show_debug_info":false,"docs-edmlf":false,"docs-eemc":false,"docs-rmls":"DEFAULT_NO_RETRY","ondlburl":"https://docs.google.com","drive_url":"https://drive.google.com","app_url":"https://drive.google.com/file/","docs-eersl":true,"docs-gsmd":"https://workspace.google.com","docs-icdmt":[],"docs-mip":25000000,"docs-mif":1000,"docs-msid":32767,"docs-emid":false,"docs-mib":52428800,"docs-mid":2048,"docs-rid":1024,"docs-eiic":true,"docs-eogmff":true,"docs-encgm":true,"docs-elbllqpm":false,"docs-phe":"https://contacts.google.com","docs-eph":false,"docs-istdr":false,"docs-escmv":false,"docs-sup":"/file","docs-seu":"https://drive.google.com/file/d/1AAlgph3LELSsaBTpMmY2Nnh8z1AFHGCh/edit","docs-crp":"/file/d/1AAlgph3LELSsaBTpMmY2Nnh8z1AFHGCh/view","docs-crq":"usp\u003dsharing","docs-ucd":"","docs-uptc":["ofip","rr","lsrp","noreplica","ouid","ca","sh","dl","hi","hi_ext","usp","urp","utm_source","utm_medium","utm_campaign","utm_term","utm_content","aaac","sle"],"docs-doddn":"","docs-uddn":"","docs-ugn":"","docs-epq":true,"docs-upap":"/prefs","docs-erdiiv":false,"docs-eqspdc":false,"docs-acap":["docs.security.access_capabilities",1,1,0,0,0,0,0,0,0,0,1,0,0,0,0,0,0,0,0,0,0,0,0,0,1,0],"docs-ci":"1AAlgph3LELSsaBTpMmY2Nnh8z1AFHGCh","docs-eccfs":false,"docs-reafc":false,"docs-eco":true,"docs-ndt":"Untitled Texmex","docs-prn":"","docs-een":false,"docs-as":"","docs-mdck":"","docs-eccbs":false,"docs-mmpt":9000,"docs-erd":false,"docs-uootuns":false,"docs-amawso":false,"docs-ofmpp":false,"docs-anlpfdo":false,"docs-ems":"SHARE_SUBMENU","docs-glu":"","docs-wsu":"","docs-wsup":"","docs-sccfo":"PROD","docs-fecgd":false,"docs-pid":"","docs-ricocpb":false,"docs-rdowr":false,"docs-cttmtbr":0,"docs-cttmteq":0,"docs-dec":false,"docs-ectt":false,"docs-ecgd":false,"docs-dsps":true,"docs-ececs":false,"server_time_ms":1741322689374,"gaia_session_id":"","docs-isb":false,"docs-agdc":false,"docs-anddc":true,"docs-adndldc":false,"docs-dhnap":"drive.google.com","docs-ds":"https","docs-emmda":false,"docs-clibs":1,"docs-cirts":20000,"docs-cide":true,"docs-cn":"","docs-dprfo":false,"docs-duesf":false,"docs-dom":false,"docs-eacr":false,"docs-eacw":false,"docs-ecer":false,"docs-ecir":true,"docs-ecssl":false,"docs-ecssi":false,"docs-ecped":true,"docs-ecprgba":true,"docs-copy-ecci":false,"docs-edpq":false,"docs-edamc":false,"docs-edomic":false,"docs-eddm":false,"docos-edii":false,"docs-fwd":false,"docs-eibs":true,"docs-eiecr":true,"docs-eksdm":false,"docs-elds":false,"docs-emp":false,"docs-emcf":true,"docs-emv2":true,"docs-emmu":false,"docs-enpks":false,"docs-epmi":false,"docs-epat":true,"docs-ermcf":false,"docs-erpep":false,"docs-rolibilc":false,"docs-ersd":false,"docs-esml":true,"docs-ete":false,"docs-etpi":false,"docs-ewlip":true,"docs-eztci":false,"docs-ezduole":false,"docs-hcwidu":false,"docs-hmg":false,"docs-ipmmp":true,"docs-ipuv":true,"docs-oesf":false,"docs-oursf":false,"docs-plimif":20.0,"docs-srmdue":0.0,"docs-srmoe":0.0,"docs-srmour":0.0,"docs-srmwe":0.0,"docs-srmxue":0.0,"docs-sptm":true,"docs-ssi":false,"docs-uoci":"","docs-wesf":false,"docs-xduesf":false,"docs-gth":"","docs-ndsom":[],"docs-dm":"text/csv","docs-sdsom":[],"docs-po":"https://drive.google.com","docs-to":"https://drive.google.com","opmbs":52428800,"opmpd":5000,"opbu":"https://docs.google.com/picker","docs-pe":1,"opru":"https://drive.google.com/relay.html","opdu":false,"ophi":"texmex","opst":"","opuci":"","opsmu":"https://docs.google.com/picker","docs-ehipo":false,"projector_base_url":"//drive.google.com","docs-drk":[],"docs-erkpp":false,"docs-erkfsu":true,"jobset":"prod","docs-eqam":false,"docs-euaool":false,"docs-eua":false,"docs-esap":true,"docs-efib":false,"docs-se":false,"docs-eaaw":false,"docs-eecs":false,"docs-ehlbap":true,"docs-emtr":false,"docs-uwzh":false,"docs-egf":false,"docs-eodpb":true,"docs-odpl":false,"docs-epvg":true,"docs-odpdu":[null,null,null,"//drive.google.com/odp/dialog"],"docs-odpu":[null,null,null,"//drive.google.com/odp/embed"],"docs-pvct":"","docs-pvot":"","docs-dafjera":false,"docs-daflia":false,"docs-dafgfma":false,"docs-spdy":false,"xdbcfAllowHostNamePrefix":true,"xdbcfAllowXpc":true,"docs-dbctc":false,"docs-ebctcio":true,"docs-iror":true,"promo_url":"","promo_second_url":"","promo_title":"","promo_title_prefix":"","promo_content_html":"","promo_more_element_text":"","promo_second_more_element_text":"","promo_element_id":"","promo_orientation":1,"promo_arrow_alignment":0,"promo_show_on_click":false,"promo_hide_arrow":false,"promo_show_on_load":false,"promo_mark_dismissed_on_show":false,"promo_use_material_styling":false,"promo_close_button_text":"","promo_icon_url":"","promo_action_id":"","promo_impression_id":0,"promo_is_contextual":false,"promo_css_class_name":"","docs-epfv":false,"docs-ccwt":80,"docs-ut":2,"docs-era":true,"docs-eraurk":true,"docs-eobew":false,"docs-dli":false,"docs-liap":"/logImpressions","ilcm":{"eui":"ADFN-cvn3F6CyPJqqWY_aJ3eA8Hlcw1qxa194tjIeUw6YJA8ouNkWGwJiS6pFIUwDg4IpGuymRIG","je":1,"sstu":1741322689370188,"si":"CM2w28KU94sDFUafCggdiJ4ZYw","gsc":null,"ei":[5703839,5704621,5704745,5705891,5707899,5711538,5712270,5712639,5712647,5713195,5714051,5737784,5737800,5792862,5792878,5799018,5799034,48966254,48966262,49375334,49375342,49472083,49472091,49498953,49498961,49622743,49622751,49623133,49623141,49643708,49643716,49643955,49643963,49769377,49769385,49822881,49822889,49823124,49823132,49833482,49833490,49842915,49842923,49924726,49924734,49943079,49943087,49979618,49979626,50266062,50266070,50273568,50273576,50297096,50297104,50297366,50297374,50439140,50439148,50513174,50513182,50529263,50529271,50549475,50549483,50561403,50561411,50562718,50562726,50587042,50587050,50596294,50596302,70971136,70971144,71038174,71038182,71079818,71079826,71085221,71085229,71121008,71121016,71185130,71185138,71197906,71197914,71239066,71239074,71288986,71288994,71325676,71325684,71387252,71387260,71387949,71387957,71402429,71402445,71407145,71407161,71412022,71412030,71429627,71429635,71478140,71478148,71478569,71478577,71528457,71528465,71528557,71528565,71530183,71530191,71530937,71530953,71536539,71536547,71544754,71544762,71545613,71545621,71546245,71546253,71561621,71561629,71574030,71574038,71642063,71642071,71658000,71658008,71659913,71659921,71679560,71679568,71690000,71690008,71721007,71721015,71722078,71722094,71791531,71791547,71795631,71795647,71849305,71849313,71882126,71882134,71894463,71894471,71897987,71897995,71960360,71960368,71961246,71961254,94327691,94327699,94333053,94333061,94353308,94353316,94393632,94393648,94434457,94434465,94502754,94502762,94507599,94507615,94517155,94517171,94573592,94573608,94574951,94574967,94597599,94597607,94618554,94618570,94618649,94618665,94624785,94624793,94629717,94629725,94658103,94658119,94661842,94661850,94684712,94684720,94692478,94692486,94724970,94724986,94813443,94813451,94874869,94874877,94896797,94896813,94904109,94904117,94919052,94919060,94929270,94929278,94942450,94942458,95065869,95065877,95087066,95087074,95087337,95087345,95104239,95104247,95112793,95112801,95118451,95118459,95125010,95125018,95136073,95136081,95193591,95193599,95194601,95194617,95234911,95234919,95250121,95250137,95288980,95288996,95309840,95309856,95314642,95314650,95317965,99237561,99237569,99266006,99266014,99311019,99311027,99327843,99327859,99338480,99338488,99368692,99368700,99402391,99402399,99818752,99818768,101426108,101426124,101432851,101432867,101440072,101440077,101442745,101442753,101447048,101447056,101448275,101448280,101488422,101488430,101488763,101488771,101519300,101519308,101543289,101543305,101543600,101543608,101552028,101552044,101562426,101562434,101575563,101575568,101582116,101582132,101614112,101614120,101617356,101617364,101672653,101672658,101686997,101687005,101701369,101701377,101705085,101754282,101754290,101776149,101776165,101794547,101794555,101800938,101800946,101809774,101809790,101821710,101823163,101823171,101858244,101858249,101860873,101860878,101939007,101939015,101939306,101939314,101941069,101941077,102013686,102013694,102014942,102014950,102029925,102029941,102030562,102030570,102034816,102034821,102065548,102065556,102087874,102087879,102114712,102114717,102116381,102116386,102133321,102133329,102145137,102145145,102145725,102145733,102159123,102159131,102161527,102161535,102172234,102172242,102198382,102198390,102226807,102244529,102244537,102244895,102244911,102255480,102255488,102275079,102275084,102298012,102298028,102417903,102417908,102457670,102457678,102467185,102467190,102545862,102545870,102564479,102564484,102617485,102617493],"crc":0,"cvi":[]},"docs-ccdil":false,"docs-eil":true,"docs-gafdfo":false,"docs-nrfd":false,"docs-nrfdfr":false,"docs-sdb":false,"docs-eucd":true,"docs-dcho":["https://meet.google.com"],"docs-iwu":{},"docs-gsoil":"docs_gsabs"}; _docs_flag_cek= null ; if (window['DOCS_timing']) {DOCS_timing['ifdld']=new Date().getTime();}</script><script nonce="duU5oeJw-fLczXQQQSy5qA"> window['_DRIVE_VIEWER_ctiming']['difl']=performance.now();</script><script nonce="duU5oeJw-fLczXQQQSy5qA">window.viewerData = {config: {'id': '1AAlgph3LELSsaBTpMmY2Nnh8z1AFHGCh', 'title': 'Vizient_Membership_Eligibility-02-06-2025.csv', 'isItemTrashed':  false , 'documentResourceKey': '','enableEmbedDialog': true,'projectorFeedbackId': '99950', 'projectorFeedbackBucket': 'viewer-web',}, configJson: ["",null,null,null,null,1,null,null,null,1,1,[1,null,null,"AIzaSyDVQw45DwoYh632gvsP5vPDqEKvb-Ywnb8",0,null,null,null,null,"AIzaSyC1eQ1xj69IdTMeii5r7brs3R90eck-m7k",null,"/drive/v2beta",0,0,1,null,null,1,null,0,1,1],null,5,1,"https://drive.google.com",null,1,"https://drive.google.com",null,null,0,null,1,null,null,null,null,null,1,null,null,[["20250227.00_p1",null,1],6,1,1,null,null,null,1,["ADFN-cvn3F6CyPJqqWY_aJ3eA8Hlcw1qxa194tjIeUw6YJA8ouNkWGwJiS6pFIUwDg4IpGuymRIG",1,"CM2w28KU94sDFUafCggdiJ4ZYw",1741322689370188,[5703839,5704621,5704745,5705891,5707899,5711538,5712270,5712639,5712647,5713195,5714051,5737784,5737800,5792862,5792878,5799018,5799034,48966254,48966262,49375334,49375342,49472083,49472091,49498953,49498961,49622743,49622751,49623133,49623141,49643708,49643716,49643955,49643963,49769377,49769385,49822881,49822889,49823124,49823132,49833482,49833490,49842915,49842923,49924726,49924734,49943079,49943087,49979618,49979626,50266062,50266070,50273568,50273576,50297096,50297104,50297366,50297374,50439140,50439148,50513174,50513182,50529263,50529271,50549475,50549483,50561403,50561411,50562718,50562726,50587042,50587050,50596294,50596302,70971136,70971144,71038174,71038182,71079818,71079826,71085221,71085229,71121008,71121016,71185130,71185138,71197906,71197914,71239066,71239074,71288986,71288994,71325676,71325684,71387252,71387260,71387949,71387957,71402429,71402445,71407145,71407161,71412022,71412030,71429627,71429635,71478140,71478148,71478569,71478577,71528457,71528465,71528557,71528565,71530183,71530191,71530937,71530953,71536539,71536547,71544754,71544762,71545613,71545621,71546245,71546253,71561621,71561629,71574030,71574038,71642063,71642071,71658000,71658008,71659913,71659921,71679560,71679568,71690000,71690008,71721007,71721015,71722078,71722094,71791531,71791547,71795631,71795647,71849305,71849313,71882126,71882134,71894463,71894471,71897987,71897995,71960360,71960368,71961246,71961254,94327691,94327699,94333053,94333061,94353308,94353316,94393632,94393648,94434457,94434465,94502754,94502762,94507599,94507615,94517155,94517171,94573592,94573608,94574951,94574967,94597599,94597607,94618554,94618570,94618649,94618665,94624785,94624793,94629717,94629725,94658103,94658119,94661842,94661850,94684712,94684720,94692478,94692486,94724970,94724986,94813443,94813451,94874869,94874877,94896797,94896813,94904109,94904117,94919052,94919060,94929270,94929278,94942450,94942458,95065869,95065877,95087066,95087074,95087337,95087345,95104239,95104247,95112793,95112801,95118451,95118459,95125010,95125018,95136073,95136081,95193591,95193599,95194601,95194617,95234911,95234919,95250121,95250137,95288980,95288996,95309840,95309856,95314642,95314650,95317965,99237561,99237569,99266006,99266014,99311019,99311027,99327843,99327859,99338480,99338488,99368692,99368700,99402391,99402399,99818752,99818768,101426108,101426124,101432851,101432867,101440072,101440077,101442745,101442753,101447048,101447056,101448275,101448280,101488422,101488430,101488763,101488771,101519300,101519308,101543289,101543305,101543600,101543608,101552028,101552044,101562426,101562434,101575563,101575568,101582116,101582132,101614112,101614120,101617356,101617364,101672653,101672658,101686997,101687005,101701369,101701377,101705085,101754282,101754290,101776149,101776165,101794547,101794555,101800938,101800946,101809774,101809790,101821710,101823163,101823171,101858244,101858249,101860873,101860878,101939007,101939015,101939306,101939314,101941069,101941077,102013686,102013694,102014942,102014950,102029925,102029941,102030562,102030570,102034816,102034821,102065548,102065556,102087874,102087879,102114712,102114717,102116381,102116386,102133321,102133329,102145137,102145145,102145725,102145733,102159123,102159131,102161527,102161535,102172234,102172242,102198382,102198390,102226807,102244529,102244537,102244895,102244911,102255480,102255488,102275079,102275084,102298012,102298028,102417903,102417908,102457670,102457678,102467185,102467190,102545862,102545870,102564479,102564484,102617485,102617493]]],null,1,null,null,[null,null,null,null,"https://accounts.google.com/ServiceLogin?service\u003dwise\u0026passive\u003d1209600\u0026continue\u003dhttps://drive.google.com/file/d/1AAlgph3LELSsaBTpMmY2Nnh8z1AFHGCh/view?usp%3Dsharing\u0026hl\u003den\u0026followup\u003dhttps://drive.google.com/file/d/1AAlgph3LELSsaBTpMmY2Nnh8z1AFHGCh/view?usp%3Dsharing",null,null,null,1,0],null,null,1,null,null,"https://docs.google.com",null,1,[null,0],["https://youtube.googleapis.com",null,null,null,null,"AIzaSyDVQw45DwoYh632gvsP5vPDqEKvb-Ywnb8","https://workspacevideo-pa.googleapis.com"],1,null,null,null,1,null,1,1,null,null,null,null,[1,1,1,1],[null,null,1,0,1,null,null,0,1,[["nHWnsqMqi0suK1NZr2K0QMJZfKqX",1,1,0.5]]],1,null,null,null,null,null,null,1,["AIzaSyCMp6sr4oTC18AWkE2Ii4UBZHTHEpGZWZM","https://blobcomments-pa.clients6.google.com",null,1,1,1,null,null,null,null,"ANONYMOUS_17612595759507348808"],null,1,null,null,0,null,null,1,null,null,null,[1,1,1],null,null,1,1,[null,null,"https://clients6.google.com","AIzaSyD_InbmSFufIEps5UAt2NmB_3LvBH3Sz_8","https://people-pa.googleapis.com",null,null,null,1,1,1],null,1,null,null,null,null,[0,0],null,null,null,null,0,null,0,1,null,null,null,null,null,null,[0,"","","",""],1,[null,null,0,0,0,0,1],null,1,[[null,null,null,"//drive.google.com/odp/embed"],null,"/drive/v2internal","AIzaSyCIGHYEdm91p31HKyJSoU4at7IqhCViXuA",1,null,[null,null,null,"//drive.google.com/odp/dialog"]],[1],null,null,null,null,1,"https://workspace.google.com",null,null,0,1,1,1,1,null,1,["AIzaSyCMp6sr4oTC18AWkE2Ii4UBZHTHEpGZWZM","https://drivemetadata.clients6.google.com",null,"https://drivelabels.clients6.google.com"],1,1,null,null,null,null,1,1,null,null,1,1,1,1,[null,null,null,1,1,null,null,null,70,null,null,"texmex-projector"],[1],1,1,0,[["en","ar","de","en-GB","es","es-419","fr","it","ja","ko","nl","pl","pt","ru","th","tr","zh-CN","zh-TW"],"en",null,1,1,1],1,1,null,[null,1],1,[0,"AIzaSyDVQw45DwoYh632gvsP5vPDqEKvb-Ywnb8","appsgenaiserver-pa.clients6.google.com",0,0,"AIzaSyDVQw45DwoYh632gvsP5vPDqEKvb-Ywnb8",null,null,null,0,0,0,null,0,null,null,null,0,0,0,1],1,null,"",null,0,1,null,1,null,null,0,null,null,null,null,[0],1,0,null,null,null,0,1,null,null,null,[0,0],null,null,"https://workspaceui-pa.clients6.google.com",null,null,1,0,1,null,0,1,0,null,1,null,null,0], itemJson: [null,"Vizient_Membership_Eligibility-02-06-2025.csv",null,null,null,null,null,null,null,"https://drive.google.com/viewer2/prod-00/meta?ck\u003ddrive\u0026ds\u003dAPznzaZmceVuFw4P_FYNxvr8aOJC4-4OmiUmi8mIDmlJGL7CeFcOwPbEnXdg93MGhZB-dumkXugLlBP2H91WzVE7oLfntQSmILzXmVDjC51G6kzR7GSHUoV2bck6oeItiWu0hB4HYRJzqYkKqmJGxkEDcu1Cnd4h7f-sjKXIArSLWjZNeLu5F1QE1Wvr_XCpCgknGrkYOkO5pdlbeTxRoH6Hz6mw1_0UF9sEEYuVFX2kamyVo7XuvVrq_bjW66fn2aGox5exzh7MPz6VRYYQsuE6Un9_5TrAmDJsAWBIjgEesZhdm2oqgC83MVvd6x8ZyJXIW8Krutb0039WYnqS37JVgQEAZtUYOfFG3zkpN7I01lSgdlqtpcHqrq4PFdAx5EbufKw0rfOT",null,"text/csv",null,null,6,null,"https://drive.google.com/file/d/1AAlgph3LELSsaBTpMmY2Nnh8z1AFHGCh/view",null,"https://drive.usercontent.google.com/uc?id\u003d1AAlgph3LELSsaBTpMmY2Nnh8z1AFHGCh\u0026export\u003ddownload",null,5,0,null,null,null,[null,null,"257351866"],null,null,null,null,null,0,"csv",null,[["0B3nlZ7EzV4KAait1eTFobjA1TTBjQksyY3VLRDZSb203dTdBPQ"],null,["1AAlgph3LELSsaBTpMmY2Nnh8z1AFHGCh"]],null,null,null,null,null,null,0,null,0,null,"srhodes8863@gmail.com",null,null,0,0,null,null,0]};</script><script nonce="duU5oeJw-fLczXQQQSy5qA"> window['_DRIVE_VIEWER_ctiming']['ogb_hs']=performance.now(); </script><script nonce="duU5oeJw-fLczXQQQSy5qA">;this.gbar_={CONFIG:[[[0,"www.gstatic.com","og.qtm.en_US.HOEu8KnFono.es5.O","com","en","25",0,[4,2,"","","","732744600","0"],null,"wXnKZ8e0GYTJptQPz-CS-Q0",null,0,"og.qtm.ehmZjtLw2XI.L.X.O","AA2YrTv80UCjr3TH3_YzFuAXy1HcxuDqgQ","AA2YrTsQ4BUtG5WwKHR43n7i4pEeJ8ydvw","",2,1,200,"USA",null,null,"25","25",1,null,null,72175901,null,0],null,[1,0.1000000014901161,2,1],null,[0,0,0,null,"","","","",0,0,0,""],[0,0,"",1,0,0,0,0,0,0,null,0,0,null,0,0,null,null,0,0,0,"","","","","","",null,0,0,0,0,0,null,null,null,"rgba(32,33,36,1)","transparent",0,0,0,null,null,null,0],null,null,["1","gci_91f30755d6a6b787dcc2a4062e6e9824.js","googleapis.client:gapi.iframes","","en"],null,null,null,null,["m;/_/scs/abc-static/_/js/k=gapi.gapi.en.uiLLJjqnhCQ.O/d=1/rs=AHpOoo8NP2y291iiPDmfAN0GV3dvCuqlYA/m=__features__","https://apis.google.com","","","","",null,1,"es_plusone_gc_20250210.0_p0","en",null,0],[0.009999999776482582,"com","25",[null,"","0",null,1,5184000,null,null,"",null,null,null,null,null,0,null,0,null,1,0,0,0,null,null,0,0,null,0,0,0,0,0],null,null,null,0],[1,null,null,28834,25,"USA","en","732744600.0",8,null,0,0,null,null,null,null,"",null,null,null,"wXnKZ8e0GYTJptQPz-CS-Q0",0,0,0,null,2,5,"gh",171,0,0,0,0,1,72175901,0,0],[[null,null,null,"https://www.gstatic.com/og/_/js/k=og.qtm.en_US.HOEu8KnFono.es5.O/rt=j/m=qabr,q_dnp,qcwid,qapid,qads,q_dg/exm=qaaw,qadd,qaid,qein,qhaw,qhba,qhbr,qhch,qhga,qhid,qhin/d=1/ed=1/rs=AA2YrTv80UCjr3TH3_YzFuAXy1HcxuDqgQ"],[null,null,null,"https://www.gstatic.com/og/_/ss/k=og.qtm.ehmZjtLw2XI.L.X.O/m=qcwid/excm=qaaw,qadd,qaid,qein,qhaw,qhba,qhbr,qhch,qhga,qhid,qhin/d=1/ed=1/ct=zgms/rs=AA2YrTsQ4BUtG5WwKHR43n7i4pEeJ8ydvw"]],null,null,null,[[[null,null,[null,null,null,"https://ogs.google.com/widget/callout?dc=1"],null,280,420,47,55,0,null,0,null,null,8000,null,71,4,null,null,null,null,null,null,null,null,76,null,null,null,107,108,109,"",null,null,null,null,null,null,null,null,null,null,null,null,null,null,null,null,null,null,null,null,0]],null,null,"25","25",1,0,null,"en",1,null,0,0,0,[null,"",null,null,null,0,null,0,0,"","","","https://ogads-pa.googleapis.com",0,0,0,"","",0,0,null,86400,null,1,1,null,0,null,1,0,"8559284470"],0,null,null,null,1,0]]],};this.gbar_=this.gbar_||{};(function(_){var window=this;
try{
_._F_toggles_initialize=function(a){(typeof globalThis!=="undefined"?globalThis:typeof self!=="undefined"?self:this)._F_toggles=a||[]};(0,_._F_toggles_initialize)([]);
/*

 Copyright The Closure Library Authors.
 SPDX-License-Identifier: Apache-2.0
*/
var ca,ja,la,pa,ra,sa,Ca,Fa,Ma,Na,Ua,Va,Za,bb,Wa,ab,$a,Ya,Xa,cb,mb,ob,nb,tb,vb,rb,wb,yb,Ib,Jb,Kb,Lb,z,Tb,Ub,Vb;_.aa=function(a,b){if(Error.captureStackTrace)Error.captureStackTrace(this,_.aa);else{var c=Error().stack;c&&(this.stack=c)}a&&(this.message=String(a));b!==void 0&&(this.cause=b)};_.ba=function(a){a.Il=!0;return a};ca=function(a,b){if(a.length>b.length)return!1;if(a.length<b.length||a===b)return!0;for(var c=0;c<a.length;c++){var d=a[c],e=b[c];if(d>e)return!1;if(d<e)return!0}};
_.da=function(a){_.q.setTimeout(function(){throw a;},0)};_.fa=function(){return _.ea().toLowerCase().indexOf("webkit")!=-1};_.ea=function(){var a=_.q.navigator;return a&&(a=a.userAgent)?a:""};ja=function(a){return ha?ia?ia.brands.some(function(b){return(b=b.brand)&&b.indexOf(a)!=-1}):!1:!1};_.ka=function(a){return _.ea().indexOf(a)!=-1};la=function(){return ha?!!ia&&ia.brands.length>0:!1};_.ma=function(){return la()?!1:_.ka("Opera")};_.na=function(){return la()?!1:_.ka("Trident")||_.ka("MSIE")};
_.oa=function(){return _.ka("Firefox")||_.ka("FxiOS")};_.qa=function(){return _.ka("Safari")&&!(pa()||(la()?0:_.ka("Coast"))||_.ma()||(la()?0:_.ka("Edge"))||(la()?ja("Microsoft Edge"):_.ka("Edg/"))||(la()?ja("Opera"):_.ka("OPR"))||_.oa()||_.ka("Silk")||_.ka("Android"))};pa=function(){return la()?ja("Chromium"):(_.ka("Chrome")||_.ka("CriOS"))&&!(la()?0:_.ka("Edge"))||_.ka("Silk")};ra=function(){return ha?!!ia&&!!ia.platform:!1};sa=function(){return _.ka("iPhone")&&!_.ka("iPod")&&!_.ka("iPad")};
_.ta=function(){return sa()||_.ka("iPad")||_.ka("iPod")};_.ua=function(){return ra()?ia.platform==="macOS":_.ka("Macintosh")};_.wa=function(a,b){return(0,_.va)(a,b)>=0};_.za=function(a){if(!_.xa)return _.ya(a);for(var b="",c=0,d=a.length-10240;c<d;)b+=String.fromCharCode.apply(null,a.subarray(c,c+=10240));b+=String.fromCharCode.apply(null,c?a.subarray(c):a);return btoa(b)};_.Ba=function(a){return Aa&&a!=null&&a instanceof Uint8Array};
Ca=function(a,b){a.__closure__error__context__984382||(a.__closure__error__context__984382={});a.__closure__error__context__984382.severity=b};_.Da=function(a){a=Error(a);Ca(a,"warning");return a};Fa=function(a){if(a!=null){var b;var c=(b=Ea)!=null?b:Ea={};b=c[a]||0;b>=5||(c[a]=b+1,a=Error(),Ca(a,"incident"),_.da(a))}};_.Ga=function(a,b,c){return typeof Symbol==="function"&&typeof Symbol()==="symbol"?(c===void 0?0:c)&&Symbol.for&&a?Symbol.for(a):a!=null?Symbol(a):Symbol():b};
_.Ka=function(a,b){_.Ha||_.v in a||Ia(a,Ja);a[_.v]|=b};_.La=function(a,b){_.Ha||_.v in a||Ia(a,Ja);a[_.v]=b};Ma=function(a,b){_.La(b,(a|0)&-15615)};Na=function(a,b){_.La(b,(a|34)&-15581)};_.Oa=function(a){return Array.prototype.slice.call(a)};_.Pa=function(a){return a!==null&&typeof a==="object"&&!Array.isArray(a)&&a.constructor===Object};_.Qa=function(a){if(a&2)throw Error();};_.Ta=function(a){var b=_.Ra(_.Sa);return b?a[b]:void 0};Ua=function(a){return a};Va=function(a){return a};
Za=function(a,b,c,d){return Wa(a,b,c,d,Xa,Ya)};bb=function(a,b,c,d){return Wa(a,b,c,d,$a,ab)};
Wa=function(a,b,c,d,e,f){if(!c.length&&!d)return 0;for(var g=0,h=0,k=0,m=0,n=0,p=c.length-1;p>=0;p--){var t=c[p];d&&p===c.length-1&&t===d||(m++,t!=null&&k++)}if(d)for(var r in d)p=+r,isNaN(p)||(n+=cb(p),h++,p>g&&(g=p));m=e(m,k)+f(h,g,n);r=k;p=h;t=g;for(var u=n,y=c.length-1;y>=0;y--){var B=c[y];if(!(B==null||d&&y===c.length-1&&B===d)){B=y-b;var F=e(B,r)+f(p,t,u);F<m&&(a=1+B,m=F);p++;r--;u+=cb(B);t=Math.max(t,B)}}b=e(0,0)+f(p,t,u);b<m&&(a=0,m=b);if(d){p=h;t=g;u=n;r=k;for(var H in d)d=+H,isNaN(d)||d>=
1024||(p--,r++,u-=H.length,g=e(d,r)+f(p,t,u),g<m&&(a=1+d,m=g))}return a};ab=function(a,b,c){return c+a*3+(a>1?a-1:0)};$a=function(a,b){return(a>1?a-1:0)+(a-b)*4};Ya=function(a,b){return a==0?0:9*Math.max(1<<32-Math.clz32(a+a/2-1),4)<=b?a==0?0:a<4?100+(a-1)*16:a<6?148+(a-4)*16:a<12?244+(a-6)*16:a<22?436+(a-12)*19:a<44?820+(a-22)*17:52+32*a:40+4*b};Xa=function(a){return 40+4*a};cb=function(a){return a>=100?a>=1E4?Math.ceil(Math.log10(1+a)):a<1E3?3:4:a<10?1:2};
_.eb=function(a){if(typeof a!=="boolean")throw Error("F`"+_.db(a)+"`"+a);return a};_.gb=function(a){if(!(0,_.fb)(a))throw _.Da("enum");return a|0};_.hb=function(a){if(typeof a!=="number")throw _.Da("int32");if(!(0,_.fb)(a))throw _.Da("int32");return a|0};_.ib=function(a){if(a!=null&&typeof a!=="string")throw Error();return a};_.jb=function(a){return a==null||typeof a==="string"?a:void 0};
_.lb=function(a,b,c){if(a!=null&&typeof a==="object"&&a.Sd===_.kb)return a;if(Array.isArray(a)){var d=a[_.v]|0,e=d;e===0&&(e|=c&32);e|=c&2;e!==d&&_.La(a,e);return new b(a)}};mb=function(a,b,c){var d=_.Oa(a),e=d.length,f=b&256?d[e-1]:void 0;e+=f?-1:0;for(b=b&512?1:0;b<e;b++)d[b]=c(d[b]);if(f){b=d[b]={};for(var g in f)b[g]=c(f[g])}(a=_.Ta(a))&&(d[_.Sa]=_.Oa(a));return d};
ob=function(a,b,c,d,e){if(a!=null){if(Array.isArray(a)){var f=a[_.v]|0;return a.length===0&&f&1?void 0:e&&f&2?a:nb(a,b,c,d!==void 0,e)}return b(a,d)}};
nb=function(a,b,c,d,e){var f=d||c?a[_.v]|0:0,g=d?!!(f&32):void 0;d=_.Oa(a);for(var h=0,k=d.length,m=0;m<k;m++){var n=d[m];if(m===k-1&&_.Pa(n)){var p=void 0;var t=b,r=c,u=g,y=e,B=void 0;for(p in n){var F=ob(n[p],t,r,u,y);if(F!=null){var H=void 0;((H=B)!=null?H:B={})[p]=F}}p=B}else p=ob(d[m],b,c,g,e);d[m]=p;p!=null&&(h=m+1)}h<k&&(d.length=h);c&&((a=_.Ta(a))&&(d[_.Sa]=_.Oa(a)),c(f,d));return d};
tb=function(a){switch(typeof a){case "number":return Number.isFinite(a)?a:""+a;case "bigint":return(0,_.pb)(a)?Number(a):""+a;case "boolean":return a?1:0;case "object":if(_.Ba(a))return _.Ba(a)&&Fa(qb),_.za(a);if(a.Sd===_.kb)return rb(a);if("function"==typeof _.sb&&a instanceof _.sb)return a.j();return}return a};vb=function(a,b){b&&(ub=b===Va||b!==Ua&&b!==Za&&b!==bb?Va:b);try{return rb(a)}finally{ub=void 0}};
rb=function(a){var b=a.J;a=nb(b,tb,void 0,void 0,!1);var c=b[_.v]|0;if((b=a.length)&&!(c&512)){var d=a[b-1],e=!1;_.Pa(d)?(b--,e=!0):d=void 0;var f,g=(f=ub)!=null?f:Va;f=c&512?0:-1;c=b-f;g=g(c,f,a,d);d&&(a[b]=void 0);if(c<g&&d){c=!0;for(var h in d){var k=+h;k<=g?(e=k+f,a[e]=d[h],b=Math.max(e+1,b),e=!1,delete d[h]):c=!1}c&&(d=void 0)}for(c=b-1;b>0;c=b-1)if(h=a[c],h==null)b--,e=!0;else if(c-=f,c>=g)e=void 0,((e=d)!=null?e:d={})[c]=h,b--,e=!0;else break;e&&(a.length=b);d&&a.push(d)}return a};
_.w=function(a,b,c,d){if(a==null){var e=96;c?(a=[c],e|=512):a=[];b&&(e=e&-16760833|(b&1023)<<14)}else{if(!Array.isArray(a))throw Error("I");e=a[_.v]|0;8192&e||!(64&e)||2&e||wb();if(e&1024)throw Error("K");if(e&64)return a;d===1||d===2||(e|=64);if(c&&(e|=512,c!==a[0]))throw Error("L");a:{c=a;var f=c.length;if(f){var g=f-1;d=c[g];if(_.Pa(d)){e|=256;b=e&512?0:-1;g-=b;if(g>=1024)throw Error("N");for(var h in d)f=+h,f<g&&(c[f+b]=d[h],delete d[h]);e=e&-16760833|(g&1023)<<14;break a}}if(b){h=Math.max(b,
f-(e&512?0:-1));if(h>1024)throw Error("O");e=e&-16760833|(h&1023)<<14}}}_.La(a,e);return a};wb=function(){Fa(xb)};yb=function(a,b,c){c=c===void 0?Na:c;if(a!=null){if(Aa&&a instanceof Uint8Array)return b?a:new Uint8Array(a);if(Array.isArray(a)){var d=a[_.v]|0;if(d&2)return a;b&&(b=d===0||!!(d&32)&&!(d&64||!(d&16)));return b?(_.La(a,d|34),d&4&&Object.freeze(a),a):nb(a,yb,d&4?Na:c,!0,!0)}a.Sd===_.kb&&(c=a.J,d=c[_.v]|0,a=d&2?a:new a.constructor(_.zb(c,d,!0)));return a}};
_.zb=function(a,b,c){var d=c||b&2?Na:Ma,e=!!(b&32);a=mb(a,b,function(f){return yb(f,e,d)});_.Ka(a,32|(c?2:0));return a};_.Ab=function(a){var b=a.J,c=b[_.v]|0;return c&2?new a.constructor(_.zb(b,c,!1)):a};_.Bb=function(a,b,c,d){var e=b&512?0:-1,f=c+e,g=a.length-1;if(f>=g&&b&256)return a[g][c]=d,b;if(f<=g)return a[f]=d,b;d!==void 0&&(g=b>>14&1023||536870912,c>=g?d!=null&&(f={},a[g+e]=(f[c]=d,f),b|=256,_.La(a,b)):a[f]=d);return b};
_.Db=function(a,b,c){a=a.J;var d=a[_.v]|0,e=_.Cb(a,d,c);b=_.lb(e,b,d);b!==e&&b!=null&&_.Bb(a,d,c,b);return b};_.Eb=function(){var a=function(){throw Error();};Object.setPrototypeOf(a,a.prototype);return a};_.Fb=function(a,b){return a!=null?!!a:!!b};_.x=function(a,b){b==void 0&&(b="");return a!=null?a:b};_.Gb=function(a,b,c){for(var d in a)b.call(c,a[d],d,a)};_.Hb=function(a){for(var b in a)return!1;return!0};Ib=function(a){var b=0;return function(){return b<a.length?{done:!1,value:a[b++]}:{done:!0}}};
Jb=typeof Object.defineProperties=="function"?Object.defineProperty:function(a,b,c){if(a==Array.prototype||a==Object.prototype)return a;a[b]=c.value;return a};Kb=function(a){a=["object"==typeof globalThis&&globalThis,a,"object"==typeof window&&window,"object"==typeof self&&self,"object"==typeof global&&global];for(var b=0;b<a.length;++b){var c=a[b];if(c&&c.Math==Math)return c}throw Error("a");};Lb=Kb(this);
z=function(a,b){if(b)a:{var c=Lb;a=a.split(".");for(var d=0;d<a.length-1;d++){var e=a[d];if(!(e in c))break a;c=c[e]}a=a[a.length-1];d=c[a];b=b(d);b!=d&&b!=null&&Jb(c,a,{configurable:!0,writable:!0,value:b})}};
z("Symbol",function(a){if(a)return a;var b=function(f,g){this.i=f;Jb(this,"description",{configurable:!0,writable:!0,value:g})};b.prototype.toString=function(){return this.i};var c="jscomp_symbol_"+(Math.random()*1E9>>>0)+"_",d=0,e=function(f){if(this instanceof e)throw new TypeError("b");return new b(c+(f||"")+"_"+d++,f)};return e});
z("Symbol.iterator",function(a){if(a)return a;a=Symbol("c");for(var b="Array Int8Array Uint8Array Uint8ClampedArray Int16Array Uint16Array Int32Array Uint32Array Float32Array Float64Array".split(" "),c=0;c<b.length;c++){var d=Lb[b[c]];typeof d==="function"&&typeof d.prototype[a]!="function"&&Jb(d.prototype,a,{configurable:!0,writable:!0,value:function(){return Mb(Ib(this))}})}return a});
var Mb=function(a){a={next:a};a[Symbol.iterator]=function(){return this};return a},Nb=typeof Object.create=="function"?Object.create:function(a){var b=function(){};b.prototype=a;return new b},Ob;if(typeof Object.setPrototypeOf=="function")Ob=Object.setPrototypeOf;else{var Qb;a:{var Rb={a:!0},Sb={};try{Sb.__proto__=Rb;Qb=Sb.a;break a}catch(a){}Qb=!1}Ob=Qb?function(a,b){a.__proto__=b;if(a.__proto__!==b)throw new TypeError("d`"+a);return a}:null}Tb=Ob;
_.A=function(a,b){a.prototype=Nb(b.prototype);a.prototype.constructor=a;if(Tb)Tb(a,b);else for(var c in b)if(c!="prototype")if(Object.defineProperties){var d=Object.getOwnPropertyDescriptor(b,c);d&&Object.defineProperty(a,c,d)}else a[c]=b[c];a.X=b.prototype};_.C=function(a){var b=typeof Symbol!="undefined"&&Symbol.iterator&&a[Symbol.iterator];if(b)return b.call(a);if(typeof a.length=="number")return{next:Ib(a)};throw Error("e`"+String(a));};
Ub=function(a,b){return Object.prototype.hasOwnProperty.call(a,b)};Vb=typeof Object.assign=="function"?Object.assign:function(a,b){for(var c=1;c<arguments.length;c++){var d=arguments[c];if(d)for(var e in d)Ub(d,e)&&(a[e]=d[e])}return a};z("Object.assign",function(a){return a||Vb});z("globalThis",function(a){return a||Lb});z("Reflect.setPrototypeOf",function(a){return a?a:Tb?function(b,c){try{return Tb(b,c),!0}catch(d){return!1}}:null});
z("Promise",function(a){function b(){this.i=null}function c(g){return g instanceof e?g:new e(function(h){h(g)})}if(a)return a;b.prototype.j=function(g){if(this.i==null){this.i=[];var h=this;this.o(function(){h.A()})}this.i.push(g)};var d=Lb.setTimeout;b.prototype.o=function(g){d(g,0)};b.prototype.A=function(){for(;this.i&&this.i.length;){var g=this.i;this.i=[];for(var h=0;h<g.length;++h){var k=g[h];g[h]=null;try{k()}catch(m){this.v(m)}}}this.i=null};b.prototype.v=function(g){this.o(function(){throw g;
})};var e=function(g){this.i=0;this.o=void 0;this.j=[];this.C=!1;var h=this.v();try{g(h.resolve,h.reject)}catch(k){h.reject(k)}};e.prototype.v=function(){function g(m){return function(n){k||(k=!0,m.call(h,n))}}var h=this,k=!1;return{resolve:g(this.Y),reject:g(this.A)}};e.prototype.Y=function(g){if(g===this)this.A(new TypeError("h"));else if(g instanceof e)this.M(g);else{a:switch(typeof g){case "object":var h=g!=null;break a;case "function":h=!0;break a;default:h=!1}h?this.K(g):this.B(g)}};e.prototype.K=
function(g){var h=void 0;try{h=g.then}catch(k){this.A(k);return}typeof h=="function"?this.N(h,g):this.B(g)};e.prototype.A=function(g){this.D(2,g)};e.prototype.B=function(g){this.D(1,g)};e.prototype.D=function(g,h){if(this.i!=0)throw Error("i`"+g+"`"+h+"`"+this.i);this.i=g;this.o=h;this.i===2&&this.L();this.F()};e.prototype.L=function(){var g=this;d(function(){if(g.G()){var h=Lb.console;typeof h!=="undefined"&&h.error(g.o)}},1)};e.prototype.G=function(){if(this.C)return!1;var g=Lb.CustomEvent,h=Lb.Event,
k=Lb.dispatchEvent;if(typeof k==="undefined")return!0;typeof g==="function"?g=new g("unhandledrejection",{cancelable:!0}):typeof h==="function"?g=new h("unhandledrejection",{cancelable:!0}):(g=Lb.document.createEvent("CustomEvent"),g.initCustomEvent("unhandledrejection",!1,!0,g));g.promise=this;g.reason=this.o;return k(g)};e.prototype.F=function(){if(this.j!=null){for(var g=0;g<this.j.length;++g)f.j(this.j[g]);this.j=null}};var f=new b;e.prototype.M=function(g){var h=this.v();g.zd(h.resolve,h.reject)};
e.prototype.N=function(g,h){var k=this.v();try{g.call(h,k.resolve,k.reject)}catch(m){k.reject(m)}};e.prototype.then=function(g,h){function k(t,r){return typeof t=="function"?function(u){try{m(t(u))}catch(y){n(y)}}:r}var m,n,p=new e(function(t,r){m=t;n=r});this.zd(k(g,m),k(h,n));return p};e.prototype.catch=function(g){return this.then(void 0,g)};e.prototype.zd=function(g,h){function k(){switch(m.i){case 1:g(m.o);break;case 2:h(m.o);break;default:throw Error("j`"+m.i);}}var m=this;this.j==null?f.j(k):
this.j.push(k);this.C=!0};e.resolve=c;e.reject=function(g){return new e(function(h,k){k(g)})};e.race=function(g){return new e(function(h,k){for(var m=_.C(g),n=m.next();!n.done;n=m.next())c(n.value).zd(h,k)})};e.all=function(g){var h=_.C(g),k=h.next();return k.done?c([]):new e(function(m,n){function p(u){return function(y){t[u]=y;r--;r==0&&m(t)}}var t=[],r=0;do t.push(void 0),r++,c(k.value).zd(p(t.length-1),n),k=h.next();while(!k.done)})};return e});
var Wb=function(a,b,c){if(a==null)throw new TypeError("k`"+c);if(b instanceof RegExp)throw new TypeError("l`"+c);return a+""};z("String.prototype.startsWith",function(a){return a?a:function(b,c){var d=Wb(this,b,"startsWith"),e=d.length,f=b.length;c=Math.max(0,Math.min(c|0,d.length));for(var g=0;g<f&&c<e;)if(d[c++]!=b[g++])return!1;return g>=f}});z("Object.setPrototypeOf",function(a){return a||Tb});z("Symbol.dispose",function(a){return a?a:Symbol("m")});
z("WeakMap",function(a){function b(){}function c(k){var m=typeof k;return m==="object"&&k!==null||m==="function"}function d(k){if(!Ub(k,f)){var m=new b;Jb(k,f,{value:m})}}function e(k){var m=Object[k];m&&(Object[k]=function(n){if(n instanceof b)return n;Object.isExtensible(n)&&d(n);return m(n)})}if(function(){if(!a||!Object.seal)return!1;try{var k=Object.seal({}),m=Object.seal({}),n=new a([[k,2],[m,3]]);if(n.get(k)!=2||n.get(m)!=3)return!1;n.delete(k);n.set(m,4);return!n.has(k)&&n.get(m)==4}catch(p){return!1}}())return a;
var f="$jscomp_hidden_"+Math.random();e("freeze");e("preventExtensions");e("seal");var g=0,h=function(k){this.i=(g+=Math.random()+1).toString();if(k){k=_.C(k);for(var m;!(m=k.next()).done;)m=m.value,this.set(m[0],m[1])}};h.prototype.set=function(k,m){if(!c(k))throw Error("n");d(k);if(!Ub(k,f))throw Error("o`"+k);k[f][this.i]=m;return this};h.prototype.get=function(k){return c(k)&&Ub(k,f)?k[f][this.i]:void 0};h.prototype.has=function(k){return c(k)&&Ub(k,f)&&Ub(k[f],this.i)};h.prototype.delete=function(k){return c(k)&&
Ub(k,f)&&Ub(k[f],this.i)?delete k[f][this.i]:!1};return h});
z("Map",function(a){if(function(){if(!a||typeof a!="function"||!a.prototype.entries||typeof Object.seal!="function")return!1;try{var h=Object.seal({x:4}),k=new a(_.C([[h,"s"]]));if(k.get(h)!="s"||k.size!=1||k.get({x:4})||k.set({x:4},"t")!=k||k.size!=2)return!1;var m=k.entries(),n=m.next();if(n.done||n.value[0]!=h||n.value[1]!="s")return!1;n=m.next();return n.done||n.value[0].x!=4||n.value[1]!="t"||!m.next().done?!1:!0}catch(p){return!1}}())return a;var b=new WeakMap,c=function(h){this[0]={};this[1]=
f();this.size=0;if(h){h=_.C(h);for(var k;!(k=h.next()).done;)k=k.value,this.set(k[0],k[1])}};c.prototype.set=function(h,k){h=h===0?0:h;var m=d(this,h);m.list||(m.list=this[0][m.id]=[]);m.Ia?m.Ia.value=k:(m.Ia={next:this[1],qb:this[1].qb,head:this[1],key:h,value:k},m.list.push(m.Ia),this[1].qb.next=m.Ia,this[1].qb=m.Ia,this.size++);return this};c.prototype.delete=function(h){h=d(this,h);return h.Ia&&h.list?(h.list.splice(h.index,1),h.list.length||delete this[0][h.id],h.Ia.qb.next=h.Ia.next,h.Ia.next.qb=
h.Ia.qb,h.Ia.head=null,this.size--,!0):!1};c.prototype.clear=function(){this[0]={};this[1]=this[1].qb=f();this.size=0};c.prototype.has=function(h){return!!d(this,h).Ia};c.prototype.get=function(h){return(h=d(this,h).Ia)&&h.value};c.prototype.entries=function(){return e(this,function(h){return[h.key,h.value]})};c.prototype.keys=function(){return e(this,function(h){return h.key})};c.prototype.values=function(){return e(this,function(h){return h.value})};c.prototype.forEach=function(h,k){for(var m=this.entries(),
n;!(n=m.next()).done;)n=n.value,h.call(k,n[1],n[0],this)};c.prototype[Symbol.iterator]=c.prototype.entries;var d=function(h,k){var m=k&&typeof k;m=="object"||m=="function"?b.has(k)?m=b.get(k):(m=""+ ++g,b.set(k,m)):m="p_"+k;var n=h[0][m];if(n&&Ub(h[0],m))for(h=0;h<n.length;h++){var p=n[h];if(k!==k&&p.key!==p.key||k===p.key)return{id:m,list:n,index:h,Ia:p}}return{id:m,list:n,index:-1,Ia:void 0}},e=function(h,k){var m=h[1];return Mb(function(){if(m){for(;m.head!=h[1];)m=m.qb;for(;m.next!=m.head;)return m=
m.next,{done:!1,value:k(m)};m=null}return{done:!0,value:void 0}})},f=function(){var h={};return h.qb=h.next=h.head=h},g=0;return c});
z("Set",function(a){if(function(){if(!a||typeof a!="function"||!a.prototype.entries||typeof Object.seal!="function")return!1;try{var c=Object.seal({x:4}),d=new a(_.C([c]));if(!d.has(c)||d.size!=1||d.add(c)!=d||d.size!=1||d.add({x:4})!=d||d.size!=2)return!1;var e=d.entries(),f=e.next();if(f.done||f.value[0]!=c||f.value[1]!=c)return!1;f=e.next();return f.done||f.value[0]==c||f.value[0].x!=4||f.value[1]!=f.value[0]?!1:e.next().done}catch(g){return!1}}())return a;var b=function(c){this.i=new Map;if(c){c=
_.C(c);for(var d;!(d=c.next()).done;)this.add(d.value)}this.size=this.i.size};b.prototype.add=function(c){c=c===0?0:c;this.i.set(c,c);this.size=this.i.size;return this};b.prototype.delete=function(c){c=this.i.delete(c);this.size=this.i.size;return c};b.prototype.clear=function(){this.i.clear();this.size=0};b.prototype.has=function(c){return this.i.has(c)};b.prototype.entries=function(){return this.i.entries()};b.prototype.values=function(){return this.i.values()};b.prototype.keys=b.prototype.values;
b.prototype[Symbol.iterator]=b.prototype.values;b.prototype.forEach=function(c,d){var e=this;this.i.forEach(function(f){return c.call(d,f,f,e)})};return b});z("Array.from",function(a){return a?a:function(b,c,d){c=c!=null?c:function(h){return h};var e=[],f=typeof Symbol!="undefined"&&Symbol.iterator&&b[Symbol.iterator];if(typeof f=="function"){b=f.call(b);for(var g=0;!(f=b.next()).done;)e.push(c.call(d,f.value,g++))}else for(f=b.length,g=0;g<f;g++)e.push(c.call(d,b[g],g));return e}});
z("Object.entries",function(a){return a?a:function(b){var c=[],d;for(d in b)Ub(b,d)&&c.push([d,b[d]]);return c}});z("Number.isFinite",function(a){return a?a:function(b){return typeof b!=="number"?!1:!isNaN(b)&&b!==Infinity&&b!==-Infinity}});z("Number.MAX_SAFE_INTEGER",function(){return 9007199254740991});z("Number.MIN_SAFE_INTEGER",function(){return-9007199254740991});z("Number.isInteger",function(a){return a?a:function(b){return Number.isFinite(b)?b===Math.floor(b):!1}});
z("Number.isSafeInteger",function(a){return a?a:function(b){return Number.isInteger(b)&&Math.abs(b)<=Number.MAX_SAFE_INTEGER}});z("Object.is",function(a){return a?a:function(b,c){return b===c?b!==0||1/b===1/c:b!==b&&c!==c}});z("Array.prototype.includes",function(a){return a?a:function(b,c){var d=this;d instanceof String&&(d=String(d));var e=d.length;c=c||0;for(c<0&&(c=Math.max(c+e,0));c<e;c++){var f=d[c];if(f===b||Object.is(f,b))return!0}return!1}});
z("String.prototype.includes",function(a){return a?a:function(b,c){return Wb(this,b,"includes").indexOf(b,c||0)!==-1}});var Xb=function(a,b){a instanceof String&&(a+="");var c=0,d=!1,e={next:function(){if(!d&&c<a.length){var f=c++;return{value:b(f,a[f]),done:!1}}d=!0;return{done:!0,value:void 0}}};e[Symbol.iterator]=function(){return e};return e};z("Array.prototype.entries",function(a){return a?a:function(){return Xb(this,function(b,c){return[b,c]})}});
z("Math.trunc",function(a){return a?a:function(b){b=Number(b);if(isNaN(b)||b===Infinity||b===-Infinity||b===0)return b;var c=Math.floor(Math.abs(b));return b<0?-c:c}});z("Array.prototype.find",function(a){return a?a:function(b,c){a:{var d=this;d instanceof String&&(d=String(d));for(var e=d.length,f=0;f<e;f++){var g=d[f];if(b.call(c,g,f,d)){b=g;break a}}b=void 0}return b}});z("Object.values",function(a){return a?a:function(b){var c=[],d;for(d in b)Ub(b,d)&&c.push(b[d]);return c}});
z("Math.clz32",function(a){return a?a:function(b){b=Number(b)>>>0;if(b===0)return 32;var c=0;(b&4294901760)===0&&(b<<=16,c+=16);(b&4278190080)===0&&(b<<=8,c+=8);(b&4026531840)===0&&(b<<=4,c+=4);(b&3221225472)===0&&(b<<=2,c+=2);(b&2147483648)===0&&c++;return c}});z("Math.log10",function(a){return a?a:function(b){return Math.log(b)/Math.LN10}});z("Array.prototype.keys",function(a){return a?a:function(){return Xb(this,function(b){return b})}});
z("Array.prototype.values",function(a){return a?a:function(){return Xb(this,function(b,c){return c})}});z("Array.prototype.fill",function(a){return a?a:function(b,c,d){var e=this.length||0;c<0&&(c=Math.max(0,e+c));if(d==null||d>e)d=e;d=Number(d);d<0&&(d=Math.max(0,e+d));for(c=Number(c||0);c<d;c++)this[c]=b;return this}});var Yb=function(a){return a?a:Array.prototype.fill};z("Int8Array.prototype.fill",Yb);z("Uint8Array.prototype.fill",Yb);z("Uint8ClampedArray.prototype.fill",Yb);
z("Int16Array.prototype.fill",Yb);z("Uint16Array.prototype.fill",Yb);z("Int32Array.prototype.fill",Yb);z("Uint32Array.prototype.fill",Yb);z("Float32Array.prototype.fill",Yb);z("Float64Array.prototype.fill",Yb);z("Promise.prototype.finally",function(a){return a?a:function(b){return this.then(function(c){return Promise.resolve(b()).then(function(){return c})},function(c){return Promise.resolve(b()).then(function(){throw c;})})}});
z("Array.prototype.flat",function(a){return a?a:function(b){b=b===void 0?1:b;var c=[];Array.prototype.forEach.call(this,function(d){Array.isArray(d)&&b>0?(d=Array.prototype.flat.call(d,b-1),c.push.apply(c,d)):c.push(d)});return c}});var $b,dc,ec;_.Zb=_.Zb||{};_.q=this||self;$b=_.q._F_toggles||[];_.ac=function(a,b){a=a.split(".");b=b||_.q;for(var c=0;c<a.length;c++)if(b=b[a[c]],b==null)return null;return b};_.db=function(a){var b=typeof a;return b!="object"?b:a?Array.isArray(a)?"array":b:"null"};_.bc=function(a){var b=typeof a;return b=="object"&&a!=null||b=="function"};_.cc="closure_uid_"+(Math.random()*1E9>>>0);dc=function(a,b,c){return a.call.apply(a.bind,arguments)};
ec=function(a,b,c){if(!a)throw Error();if(arguments.length>2){var d=Array.prototype.slice.call(arguments,2);return function(){var e=Array.prototype.slice.call(arguments);Array.prototype.unshift.apply(e,d);return a.apply(b,e)}}return function(){return a.apply(b,arguments)}};_.D=function(a,b,c){_.D=Function.prototype.bind&&Function.prototype.bind.toString().indexOf("native code")!=-1?dc:ec;return _.D.apply(null,arguments)};
_.fc=function(a,b){var c=Array.prototype.slice.call(arguments,1);return function(){var d=c.slice();d.push.apply(d,arguments);return a.apply(this,d)}};_.E=function(a,b){a=a.split(".");for(var c=_.q,d;a.length&&(d=a.shift());)a.length||b===void 0?c[d]&&c[d]!==Object.prototype[d]?c=c[d]:c=c[d]={}:c[d]=b};_.Ra=function(a){return a};
_.G=function(a,b){function c(){}c.prototype=b.prototype;a.X=b.prototype;a.prototype=new c;a.prototype.constructor=a;a.yl=function(d,e,f){for(var g=Array(arguments.length-2),h=2;h<arguments.length;h++)g[h-2]=arguments[h];return b.prototype[e].apply(d,g)}};_.G(_.aa,Error);_.aa.prototype.name="CustomError";_.gc=_.ba(function(a){return typeof a==="number"});_.hc=_.ba(function(a){return typeof a==="string"});_.ic=_.ba(function(a){return typeof a==="boolean"});_.jc=typeof _.q.BigInt==="function"&&typeof _.q.BigInt(0)==="bigint";var mc,kc,nc,lc;_.pb=_.ba(function(a){return _.jc?a>=kc&&a<=lc:a[0]==="-"?ca(a,mc):ca(a,nc)});mc=Number.MIN_SAFE_INTEGER.toString();kc=_.jc?BigInt(Number.MIN_SAFE_INTEGER):void 0;nc=Number.MAX_SAFE_INTEGER.toString();lc=_.jc?BigInt(Number.MAX_SAFE_INTEGER):void 0;_.oc=typeof Uint8Array.prototype.slice==="function";_.pc=typeof TextDecoder!=="undefined";_.qc=typeof String.prototype.isWellFormed==="function";_.rc=typeof TextEncoder!=="undefined";_.sc=String.prototype.trim?function(a){return a.trim()}:function(a){return/^[\s\xa0]*([\s\S]*?)[\s\xa0]*$/.exec(a)[1]};var tc=!!($b[0]&1024);var uc;if($b[0]&512)uc=tc;else{var vc=_.ac("WIZ_global_data.oxN3nb"),wc=vc&&vc[610401301];uc=wc!=null?wc:!1}var ha=uc;var ia,xc=_.q.navigator;ia=xc?xc.userAgentData||null:null;_.va=Array.prototype.indexOf?function(a,b){return Array.prototype.indexOf.call(a,b,void 0)}:function(a,b){if(typeof a==="string")return typeof b!=="string"||b.length!=1?-1:a.indexOf(b,0);for(var c=0;c<a.length;c++)if(c in a&&a[c]===b)return c;return-1};_.yc=Array.prototype.forEach?function(a,b,c){Array.prototype.forEach.call(a,b,c)}:function(a,b,c){for(var d=a.length,e=typeof a==="string"?a.split(""):a,f=0;f<d;f++)f in e&&b.call(c,e[f],f,a)};
_.zc=Array.prototype.filter?function(a,b,c){return Array.prototype.filter.call(a,b,c)}:function(a,b,c){for(var d=a.length,e=[],f=0,g=typeof a==="string"?a.split(""):a,h=0;h<d;h++)if(h in g){var k=g[h];b.call(c,k,h,a)&&(e[f++]=k)}return e};_.Ac=Array.prototype.map?function(a,b,c){return Array.prototype.map.call(a,b,c)}:function(a,b,c){for(var d=a.length,e=Array(d),f=typeof a==="string"?a.split(""):a,g=0;g<d;g++)g in f&&(e[g]=b.call(c,f[g],g,a));return e};
_.Bc=Array.prototype.some?function(a,b){return Array.prototype.some.call(a,b,void 0)}:function(a,b){for(var c=a.length,d=typeof a==="string"?a.split(""):a,e=0;e<c;e++)if(e in d&&b.call(void 0,d[e],e,a))return!0;return!1};_.Cc=function(a){_.Cc[" "](a);return a};_.Cc[" "]=function(){};var Qc;_.Dc=_.ma();_.Ec=_.na();_.Fc=_.ka("Edge");_.Gc=_.ka("Gecko")&&!(_.fa()&&!_.ka("Edge"))&&!(_.ka("Trident")||_.ka("MSIE"))&&!_.ka("Edge");_.Hc=_.fa()&&!_.ka("Edge");_.Ic=_.ua();_.Jc=ra()?ia.platform==="Windows":_.ka("Windows");_.Kc=ra()?ia.platform==="Android":_.ka("Android");_.Mc=sa();_.Nc=_.ka("iPad");_.Oc=_.ka("iPod");_.Pc=_.ta();
a:{var Rc="",Tc=function(){var a=_.ea();if(_.Gc)return/rv:([^\);]+)(\)|;)/.exec(a);if(_.Fc)return/Edge\/([\d\.]+)/.exec(a);if(_.Ec)return/\b(?:MSIE|rv)[: ]([^\);]+)(\)|;)/.exec(a);if(_.Hc)return/WebKit\/(\S+)/.exec(a);if(_.Dc)return/(?:Version)[ \/]?(\S+)/.exec(a)}();Tc&&(Rc=Tc?Tc[1]:"");if(_.Ec){var Uc,Vc=_.q.document;Uc=Vc?Vc.documentMode:void 0;if(Uc!=null&&Uc>parseFloat(Rc)){Qc=String(Uc);break a}}Qc=Rc}_.Wc=Qc;_.Xc=_.oa();_.Yc=sa()||_.ka("iPod");_.Zc=_.ka("iPad");_.$c=_.ka("Android")&&!(pa()||_.oa()||_.ma()||_.ka("Silk"));_.ad=pa();_.bd=_.qa()&&!_.ta();var cd;cd={};_.dd=null;_.ya=function(a,b){b===void 0&&(b=0);_.ed();b=cd[b];for(var c=Array(Math.floor(a.length/3)),d=b[64]||"",e=0,f=0;e<a.length-2;e+=3){var g=a[e],h=a[e+1],k=a[e+2],m=b[g>>2];g=b[(g&3)<<4|h>>4];h=b[(h&15)<<2|k>>6];k=b[k&63];c[f++]=m+g+h+k}m=0;k=d;switch(a.length-e){case 2:m=a[e+1],k=b[(m&15)<<2]||d;case 1:a=a[e],c[f]=b[a>>2]+b[(a&3)<<4|m>>4]+k+d}return c.join("")};
_.ed=function(){if(!_.dd){_.dd={};for(var a="ABCDEFGHIJKLMNOPQRSTUVWXYZabcdefghijklmnopqrstuvwxyz0123456789".split(""),b=["+/=","+/","-_=","-_.","-_"],c=0;c<5;c++){var d=a.concat(b[c].split(""));cd[c]=d;for(var e=0;e<d.length;e++){var f=d[e];_.dd[f]===void 0&&(_.dd[f]=e)}}}};var Aa;Aa=typeof Uint8Array!=="undefined";_.xa=!_.Ec&&typeof btoa==="function";var Ea=void 0;var fd,xb,qb;_.Ha=typeof Symbol==="function"&&typeof Symbol()==="symbol";fd=_.Ga("jas",void 0,!0);_.Sa=_.Ga(void 0,Symbol());xb=_.Ga(void 0,"0actk");qb=_.Ga(void 0,"8utk");var Ja,Ia;_.v=_.Ha?fd:"tj";Ja={tj:{value:0,configurable:!0,writable:!0,enumerable:!1}};Ia=Object.defineProperties;var hd;_.kb={};hd=[];_.La(hd,55);_.gd=Object.freeze(hd);_.jd=Object.freeze({});_.kd=typeof BigInt==="function"?BigInt.asIntN:void 0;_.ld=Number.isSafeInteger;_.fb=Number.isFinite;_.md=Math.trunc;var ub;_.nd=function(a,b){a=a.J;return _.Cb(a,a[_.v]|0,b)};_.Cb=function(a,b,c){if(c===-1)return null;var d=c+(b&512?0:-1),e=a.length-1;if(d>=e&&b&256)return a[e][c];if(d<=e)return a[d]};_.od=function(a,b,c){var d=a.J,e=d[_.v]|0;_.Qa(e);_.Bb(d,e,b,c);return a};_.I=function(a,b,c){b=_.Db(a,b,c);if(b==null)return b;a=a.J;var d=a[_.v]|0;if(!(d&2)){var e=_.Ab(b);e!==b&&(b=e,_.Bb(a,d,c,b))}return b};_.K=function(a,b,c){c==null&&(c=void 0);return _.od(a,b,c)};
_.L=function(a,b){a=_.nd(a,b);return a==null||typeof a==="boolean"?a:typeof a==="number"?!!a:void 0};_.M=function(a,b){return _.jb(_.nd(a,b))};_.N=function(a,b){var c;return(c=_.L(a,b))!=null?c:!1};_.O=function(a,b){var c;return(c=_.M(a,b))!=null?c:""};_.P=function(a,b,c){return _.od(a,b,c==null?c:_.eb(c))};_.Q=function(a,b,c){return _.od(a,b,c==null?c:_.hb(c))};_.R=function(a,b,c){return _.od(a,b,_.ib(c))};_.S=function(a,b,c){return _.od(a,b,c==null?c:_.gb(c))};_.T=function(a,b,c){this.J=_.w(a,b,c)};_.l=_.T.prototype;_.l.toJSON=function(){return vb(this)};_.l.wa=function(a){return JSON.stringify(vb(this,a))};_.l.Xb=function(){return!!((this.J[_.v]|0)&2)};_.l.Sd=_.kb;_.l.toString=function(){return this.J.toString()};_.pd=_.Eb();_.qd=_.Eb();_.rd=_.Eb();var sd=function(a){this.J=_.w(a)};_.A(sd,_.T);_.td=function(a){this.J=_.w(a)};_.A(_.td,_.T);_.td.prototype.jd=function(a){return _.Q(this,3,a)};var ud=function(a){this.J=_.w(a)};_.A(ud,_.T);ud.prototype.Mc=function(a){return _.R(this,24,a)};_.vd=function(a){this.J=_.w(a)};_.A(_.vd,_.T);_.U=function(){this.va=this.va;this.Y=this.Y};_.U.prototype.va=!1;_.U.prototype.isDisposed=function(){return this.va};_.U.prototype.dispose=function(){this.va||(this.va=!0,this.P())};_.U.prototype[Symbol.dispose]=function(){this.dispose()};_.U.prototype.P=function(){if(this.Y)for(;this.Y.length;)this.Y.shift()()};var wd=function(a){_.U.call(this);this.o=a;this.i=[];this.j={}};_.A(wd,_.U);wd.prototype.resolve=function(a){var b=this.o;a=a.split(".");for(var c=a.length,d=0;d<c;++d)if(b[a[d]])b=b[a[d]];else return null;return b instanceof Function?b:null};wd.prototype.ob=function(){for(var a=this.i.length,b=this.i,c=[],d=0;d<a;++d){var e=b[d].i(),f=this.resolve(e);if(f&&f!=this.j[e])try{b[d].ob(f)}catch(g){}else c.push(b[d])}this.i=c.concat(b.slice(a))};var xd=function(a){_.U.call(this);this.o=a;this.A=this.i=null;this.v=0;this.B={};this.j=!1;a=window.navigator.userAgent;a.indexOf("MSIE")>=0&&a.indexOf("Trident")>=0&&(a=/\b(?:MSIE|rv)[: ]([^\);]+)(\)|;)/.exec(a))&&a[1]&&parseFloat(a[1])<9&&(this.j=!0)};_.A(xd,_.U);xd.prototype.C=function(a,b){this.i=b;this.A=a;b.preventDefault?b.preventDefault():b.returnValue=!1};_.yd=function(a){this.J=_.w(a)};_.A(_.yd,_.T);var zd=function(a){this.J=_.w(a)};_.A(zd,_.T);var Ad=function(){this.i=null};Ad.prototype.log=function(a,b,c){c=c===void 0?new _.td:c;_.Bd(this,a,98,c)};_.Bd=function(a,b,c,d){c=c===void 0?98:c;d=d===void 0?new _.td:d;if(a.i){var e=new sd;_.R(e,1,b.message);_.R(e,2,b.stack);_.Q(e,3,b.lineNumber);_.S(e,5,1);_.K(d,40,e);a.i.log(c,d)}};_.Cd=function(a){this.i=a;this.j=void 0;this.o=[]};_.Cd.prototype.then=function(a,b,c){this.o.push(new Dd(a,b,c));Ed(this)};_.Cd.prototype.resolve=function(a){if(this.i!==void 0||this.j!==void 0)throw Error("S");this.i=a;Ed(this)};_.Cd.prototype.reject=function(a){if(this.i!==void 0||this.j!==void 0)throw Error("S");this.j=a;Ed(this)};var Ed=function(a){if(a.o.length>0){var b=a.i!==void 0,c=a.j!==void 0;if(b||c){b=b?a.v:a.A;c=a.o;a.o=[];try{_.yc(c,b,a)}catch(d){console.error(d)}}}};
_.Cd.prototype.v=function(a){a.j&&a.j.call(a.i,this.i)};_.Cd.prototype.A=function(a){a.o&&a.o.call(a.i,this.j)};var Dd=function(a,b,c){this.j=a;this.o=b;this.i=c};_.Fd=function(a){var b="Ub";if(a.Ub&&a.hasOwnProperty(b))return a.Ub;b=new a;return a.Ub=b};_.Gd=function(){this.v=new _.Cd;this.i=new _.Cd;this.D=new _.Cd;this.B=new _.Cd;this.C=new _.Cd;this.A=new _.Cd;this.o=new _.Cd;this.j=new _.Cd;this.F=new _.Cd};_.l=_.Gd.prototype;_.l.xi=function(){return this.v};_.l.Ei=function(){return this.i};_.l.Li=function(){return this.D};_.l.Di=function(){return this.B};_.l.Ji=function(){return this.C};_.l.Bi=function(){return this.A};_.l.oi=function(){return this.o};_.l.ni=function(){return this.j};_.Gd.i=function(){return _.Fd(_.Gd)};var Hd=function(a){this.J=_.w(a)};_.A(Hd,_.T);_.Jd=function(){return _.I(_.Id,ud,1)};_.Kd=function(){return _.I(_.Id,_.vd,5)};var Ld;window.gbar_&&window.gbar_.CONFIG?Ld=window.gbar_.CONFIG[0]||{}:Ld=[];_.Id=new Hd(Ld);_.I(_.Id,zd,3)||new zd;_.Jd()||new ud;_.Md=new Ad;_.E("gbar_._DumpException",function(a){_.Md?_.Md.log(a):console.error(a)});_.Nd=new xd(_.Md);_.Od=function(){this.i={};this.j={}};_.Qd=function(a,b){var c=_.Od.i();if(a in c.i){if(c.i[a]!=b)throw new Pd(a);}else{c.i[a]=b;if(b=c.j[a])for(var d=0,e=b.length;d<e;d++){var f=b[d],g=c.i;delete f.i[a];if(_.Hb(f.i)){for(var h=f.j.length,k=Array(h),m=0;m<h;m++)k[m]=g[f.j[m]];f.o.apply(f.v,k)}}delete c.j[a]}};_.Od.i=function(){return _.Fd(_.Od)};_.Rd=function(){_.aa.call(this)};_.A(_.Rd,_.aa);var Pd=function(){_.aa.call(this)};_.A(Pd,_.Rd);_.E("gbar.A",_.Cd);_.Cd.prototype.aa=_.Cd.prototype.then;_.E("gbar.B",_.Gd);_.Gd.prototype.ba=_.Gd.prototype.Ei;_.Gd.prototype.bb=_.Gd.prototype.Li;_.Gd.prototype.bd=_.Gd.prototype.Ji;_.Gd.prototype.bf=_.Gd.prototype.xi;_.Gd.prototype.bg=_.Gd.prototype.Di;_.Gd.prototype.bh=_.Gd.prototype.Bi;_.Gd.prototype.bj=_.Gd.prototype.oi;_.Gd.prototype.bk=_.Gd.prototype.ni;_.E("gbar.a",_.Gd.i());window.gbar&&window.gbar.ap&&window.gbar.ap(window.gbar.a);var Sd=new wd(window);_.Qd("api",Sd);var Td=_.Kd()||new _.vd;
window.__PVT=_.x(_.M(Td,8));_.Qd("eq",_.Nd);
}catch(e){_._DumpException(e)}
try{
_.Ud=function(a){this.J=_.w(a)};_.A(_.Ud,_.T);
}catch(e){_._DumpException(e)}
try{
var Vd=function(a){this.J=_.w(a)};_.A(Vd,_.T);var Wd=function(){_.U.call(this);this.j=[];this.i=[]};_.A(Wd,_.U);Wd.prototype.o=function(a,b){this.j.push({features:a,options:b!=null?b:null})};Wd.prototype.init=function(a,b,c){window.gapi={};var d=window.___jsl={};d.h=_.x(_.M(a,1));_.L(a,12)!=null&&(d.dpo=_.Fb(_.N(a,12)));d.ms=_.x(_.M(a,2));d.m=_.x(_.M(a,3));d.l=[];_.O(b,1)&&(a=_.M(b,3))&&this.i.push(a);_.O(c,1)&&(c=_.M(c,2))&&this.i.push(c);_.E("gapi.load",(0,_.D)(this.o,this));return this};var Xd=_.I(_.Id,_.yd,14);if(Xd){var Yd=_.I(_.Id,_.Ud,9)||new _.Ud,Zd=new Vd,$d=new Wd;$d.init(Xd,Yd,Zd);_.Qd("gs",$d)};
}catch(e){_._DumpException(e)}
})(this.gbar_);
// Google Inc.
</script><style nonce="3J8omVXUXVh4k9MAmW6IDw">.gb_2d{font:13px/27px Roboto,Arial,sans-serif;z-index:986}@-webkit-keyframes gb__a{0%{opacity:0}50%{opacity:1}}@keyframes gb__a{0%{opacity:0}50%{opacity:1}}a.gb_Qa{border:none;color:#4285f4;cursor:default;font-weight:bold;outline:none;position:relative;text-align:center;text-decoration:none;text-transform:uppercase;white-space:nowrap;-moz-user-select:none;-ms-user-select:none;-webkit-user-select:none}a.gb_Qa:hover::after,a.gb_Qa:focus::after{background-color:rgba(0,0,0,.12);content:"";height:100%;left:0;position:absolute;top:0;width:100%}a.gb_Qa:hover,a.gb_Qa:focus{text-decoration:none}a.gb_Qa:active{background-color:rgba(153,153,153,.4);text-decoration:none}a.gb_Ra{background-color:#4285f4;color:#fff}a.gb_Ra:active{background-color:#0043b2}.gb_Sa{box-shadow:0 1px 1px rgba(0,0,0,.16)}.gb_Qa,.gb_Ra,.gb_Ta,.gb_Ua{display:inline-block;line-height:28px;padding:0 12px;border-radius:2px}.gb_Ta{background:#f8f8f8;border:1px solid #c6c6c6}.gb_Ua{background:#f8f8f8}.gb_Ta,#gb a.gb_Ta.gb_Ta,.gb_Ua{color:#666;cursor:default;text-decoration:none}#gb a.gb_Ua{cursor:default;text-decoration:none}.gb_Ua{border:1px solid #4285f4;font-weight:bold;outline:none;background:#4285f4;background:-webkit-gradient(linear,left top,left bottom,from(top),color-stop(#4387fd),to(#4683ea));background:-webkit-linear-gradient(top,#4387fd,#4683ea);background:linear-gradient(top,#4387fd,#4683ea);filter:progid:DXImageTransform.Microsoft.gradient(startColorstr=#4387fd,endColorstr=#4683ea,GradientType=0)}#gb a.gb_Ua{color:#fff}.gb_Ua:hover{box-shadow:0 1px 0 rgba(0,0,0,.15)}.gb_Ua:active{box-shadow:inset 0 2px 0 rgba(0,0,0,.15);background:#3c78dc;background:-webkit-gradient(linear,left top,left bottom,from(top),color-stop(#3c7ae4),to(#3f76d3));background:-webkit-linear-gradient(top,#3c7ae4,#3f76d3);background:linear-gradient(top,#3c7ae4,#3f76d3);filter:progid:DXImageTransform.Microsoft.gradient(startColorstr=#3c7ae4,endColorstr=#3f76d3,GradientType=0)}#gb .gb_Va{background:#fff;border:1px solid #dadce0;color:#1a73e8;display:inline-block;text-decoration:none}#gb .gb_Va:hover{background:#f8fbff;border-color:#dadce0;color:#174ea6}#gb .gb_Va:focus{background:#f4f8ff;color:#174ea6;outline:1px solid #174ea6}#gb .gb_Va:active,#gb .gb_Va:focus:active{background:#ecf3fe;color:#174ea6}#gb .gb_Va.gb_H{background:transparent;border:1px solid #5f6368;color:#8ab4f8;text-decoration:none}#gb .gb_Va.gb_H:hover{background:rgba(255,255,255,.04);color:#e8eaed}#gb .gb_Va.gb_H:focus{background:rgba(232,234,237,.12);color:#e8eaed;outline:1px solid #e8eaed}#gb .gb_Va.gb_H:active,#gb .gb_Va.gb_H:focus:active{background:rgba(232,234,237,.1);color:#e8eaed}.gb_cd{display:inline-block;vertical-align:middle}.gb_Ne .gb_Q{bottom:-3px;right:-5px}.gb_D{position:relative}.gb_B{display:inline-block;outline:none;vertical-align:middle;border-radius:2px;-moz-box-sizing:border-box;box-sizing:border-box;height:40px;width:40px;cursor:pointer;text-decoration:none}#gb#gb a.gb_B{cursor:pointer;text-decoration:none}.gb_B,a.gb_B{color:#000}.gb_dd{border-color:transparent;border-bottom-color:#fff;border-style:dashed dashed solid;border-width:0 8.5px 8.5px;display:none;position:absolute;left:11.5px;top:33px;z-index:1;height:0;width:0;-webkit-animation:gb__a .2s;animation:gb__a .2s}.gb_ed{border-color:transparent;border-style:dashed dashed solid;border-width:0 8.5px 8.5px;display:none;position:absolute;left:11.5px;z-index:1;height:0;width:0;-webkit-animation:gb__a .2s;animation:gb__a .2s;border-bottom-color:rgba(0,0,0,.2);top:32px}x:-o-prefocus,div.gb_ed{border-bottom-color:#ccc}.gb_la{background:#fff;border:1px solid #ccc;border-color:rgba(0,0,0,.2);color:#000;-webkit-box-shadow:0 2px 10px rgba(0,0,0,.2);-moz-box-shadow:0 2px 10px rgba(0,0,0,.2);box-shadow:0 2px 10px rgba(0,0,0,.2);display:none;outline:none;overflow:hidden;position:absolute;right:8px;top:62px;-webkit-animation:gb__a .2s;animation:gb__a .2s;border-radius:2px;-moz-user-select:text;-ms-user-select:text;-webkit-user-select:text}.gb_cd.gb_Tc .gb_dd,.gb_cd.gb_Tc .gb_ed,.gb_cd.gb_Tc .gb_la,.gb_Tc.gb_la{display:block}.gb_cd.gb_Tc.gb_fd .gb_dd,.gb_cd.gb_Tc.gb_fd .gb_ed{display:none}.gb_Oe{position:absolute;right:8px;top:62px;z-index:-1}.gb_gd .gb_dd,.gb_gd .gb_ed,.gb_gd .gb_la{margin-top:-10px}.gb_cd:first-child,#gbsfw:first-child+.gb_cd{padding-left:4px}.gb_Fa.gb_Pe .gb_cd:first-child{padding-left:0}.gb_Qe{position:relative}.gb_2c .gb_Qe,.gb_Jd .gb_Qe{float:right}.gb_B{padding:8px;cursor:pointer}.gb_B::after{content:"";position:absolute;top:-4px;bottom:-4px;left:-4px;right:-4px}.gb_Fa .gb_hd:not(.gb_Qa):focus img{background-color:rgba(0,0,0,.2);outline:none;-webkit-border-radius:50%;-moz-border-radius:50%;border-radius:50%}.gb_id button svg,.gb_B{-webkit-border-radius:50%;-moz-border-radius:50%;border-radius:50%}.gb_id button:focus:not(:focus-visible) svg,.gb_id button:hover svg,.gb_id button:active svg,.gb_B:focus:not(:focus-visible),.gb_B:hover,.gb_B:active,.gb_B[aria-expanded=true]{outline:none}.gb_Lc .gb_id.gb_jd button:focus-visible svg,.gb_id button:focus-visible svg,.gb_B:focus-visible{outline:1px solid #202124}.gb_Lc .gb_id button:focus-visible svg,.gb_Lc .gb_B:focus-visible{outline:1px solid #f1f3f4}@media (forced-colors:active){.gb_Lc .gb_id.gb_jd button:focus-visible svg,.gb_id button:focus-visible svg,.gb_Lc .gb_id button:focus-visible svg{outline:1px solid currentcolor}}.gb_Lc .gb_id.gb_jd button:focus svg,.gb_Lc .gb_id.gb_jd button:focus:hover svg,.gb_id button:focus svg,.gb_id button:focus:hover svg,.gb_B:focus,.gb_B:focus:hover{background-color:rgba(60,64,67,.1)}.gb_Lc .gb_id.gb_jd button:active svg,.gb_id button:active svg,.gb_B:active{background-color:rgba(60,64,67,.12)}.gb_Lc .gb_id.gb_jd button:hover svg,.gb_id button:hover svg,.gb_B:hover{background-color:rgba(60,64,67,.08)}.gb_Wa .gb_B.gb_Za:hover{background-color:transparent}.gb_B[aria-expanded=true],.gb_B:hover[aria-expanded=true]{background-color:rgba(95,99,104,.24)}.gb_B[aria-expanded=true] .gb_F{fill:#5f6368;opacity:1}.gb_Lc .gb_id button:hover svg,.gb_Lc .gb_B:hover{background-color:rgba(232,234,237,.08)}.gb_Lc .gb_id button:focus svg,.gb_Lc .gb_id button:focus:hover svg,.gb_Lc .gb_B:focus,.gb_Lc .gb_B:focus:hover{background-color:rgba(232,234,237,.1)}.gb_Lc .gb_id button:active svg,.gb_Lc .gb_B:active{background-color:rgba(232,234,237,.12)}.gb_Lc .gb_B[aria-expanded=true],.gb_Lc .gb_B:hover[aria-expanded=true]{background-color:rgba(255,255,255,.12)}.gb_Lc .gb_B[aria-expanded=true] .gb_F{fill:#fff;opacity:1}.gb_cd{padding:4px}.gb_Fa.gb_Pe .gb_cd{padding:4px 2px}.gb_Fa.gb_Pe .gb_z.gb_cd{padding-left:6px}.gb_la{z-index:991;line-height:normal}.gb_la.gb_kd{left:0;right:auto}@media (max-width:350px){.gb_la.gb_kd{left:0}}.gb_Re .gb_la{top:56px}.gb_R{display:none!important}.gb_nd{visibility:hidden}.gb_J .gb_B,.gb_ka .gb_J .gb_B{background-position:-64px -29px}.gb_1 .gb_J .gb_B{background-position:-29px -29px;opacity:1}.gb_J .gb_B,.gb_J .gb_B:hover,.gb_J .gb_B:focus{opacity:1}.gb_L{display:none}@media screen and (max-width:319px){.gb_ld:not(.gb_md) .gb_J{display:none;visibility:hidden}}.gb_Q{display:none}.gb_9c{font-family:Google Sans,Roboto,Helvetica,Arial,sans-serif;font-size:20px;font-weight:400;letter-spacing:0.25px;line-height:48px;margin-bottom:2px;opacity:1;overflow:hidden;padding-left:16px;position:relative;text-overflow:ellipsis;vertical-align:middle;top:2px;white-space:nowrap;-ms-flex:1 1 auto;-webkit-flex:1 1 auto;-webkit-box-flex:1;-moz-box-flex:1;flex:1 1 auto}.gb_9c.gb_ad{color:#3c4043}.gb_Fa.gb_cc .gb_9c{margin-bottom:0}.gb_sd.gb_ud .gb_9c{padding-left:4px}.gb_Fa.gb_cc .gb_vd{position:relative;top:-2px}.gb_bd{display:none}.gb_Fa{color:black;min-width:160px;position:relative;-webkit-transition:box-shadow 250ms;transition:box-shadow 250ms}.gb_Fa.gb_Sc{min-width:120px}.gb_Fa.gb_wd .gb_xd{display:none}.gb_Fa.gb_wd .gb_ld{height:56px}header.gb_Fa{display:block}.gb_Fa svg{fill:currentColor}.gb_Dd{position:fixed;top:0;width:100%}.gb_yd{-webkit-box-shadow:0 4px 5px 0 rgba(0,0,0,.14),0 1px 10px 0 rgba(0,0,0,.12),0 2px 4px -1px rgba(0,0,0,.2);-moz-box-shadow:0 4px 5px 0 rgba(0,0,0,.14),0 1px 10px 0 rgba(0,0,0,.12),0 2px 4px -1px rgba(0,0,0,.2);box-shadow:0 4px 5px 0 rgba(0,0,0,.14),0 1px 10px 0 rgba(0,0,0,.12),0 2px 4px -1px rgba(0,0,0,.2)}.gb_Ed{height:64px}.gb_ld{-moz-box-sizing:border-box;-webkit-box-sizing:border-box;box-sizing:border-box;position:relative;width:100%;display:-webkit-box;display:-moz-box;display:-ms-flexbox;display:-webkit-flex;display:flex;-webkit-box-pack:space-between;-ms-flex-pack:justify;-webkit-justify-content:space-between;-moz-box-pack:space-between;justify-content:space-between;min-width:-webkit-min-content;min-width:-moz-min-content;min-width:-ms-min-content;min-width:min-content}.gb_Fa:not(.gb_cc) .gb_ld{padding:8px}.gb_Fa.gb_Fd .gb_ld{-ms-flex:1 0 auto;-webkit-flex:1 0 auto;-webkit-box-flex:1;-moz-box-flex:1;flex:1 0 auto}.gb_Fa .gb_ld.gb_md.gb_Hd{min-width:0}.gb_Fa.gb_cc .gb_ld{padding:4px;padding-left:8px;min-width:0}.gb_xd{height:48px;vertical-align:middle;white-space:nowrap;-ms-flex-align:center;-moz-box-align:center;-webkit-box-align:center;-webkit-align-items:center;align-items:center;display:-webkit-box;display:-moz-box;display:-ms-flexbox;display:-webkit-flex;display:flex;-moz-user-select:-moz-none;-ms-user-select:none;-webkit-user-select:none}.gb_Ad>.gb_xd{display:table-cell;width:100%}.gb_sd{padding-right:30px;-moz-box-sizing:border-box;box-sizing:border-box;-ms-flex:1 0 auto;-webkit-flex:1 0 auto;-webkit-box-flex:1;-moz-box-flex:1;flex:1 0 auto}.gb_Fa.gb_cc .gb_sd{padding-right:14px}.gb_Bd{-ms-flex:1 1 100%;-webkit-flex:1 1 100%;-webkit-box-flex:1;-moz-box-flex:1;flex:1 1 100%}.gb_Bd>:only-child{display:inline-block}.gb_Cd.gb_3c{padding-left:4px}.gb_Cd.gb_Id,.gb_Fa.gb_Fd .gb_Cd,.gb_Fa.gb_cc:not(.gb_Jd) .gb_Cd{padding-left:0}.gb_Fa.gb_cc .gb_Cd.gb_Id{padding-right:0}.gb_Fa.gb_cc .gb_Cd.gb_Id .gb_Wa{margin-left:10px}.gb_3c{display:inline}.gb_Fa.gb_Wc .gb_Cd.gb_Kd,.gb_Fa.gb_Jd .gb_Cd.gb_Kd{padding-left:2px}.gb_9c{display:inline-block}.gb_Cd{-moz-box-sizing:border-box;-webkit-box-sizing:border-box;box-sizing:border-box;height:48px;line-height:normal;padding:0 4px;padding-left:30px;-ms-flex:0 0 auto;-webkit-flex:0 0 auto;-webkit-box-flex:0;-moz-box-flex:0;flex:0 0 auto;-webkit-box-pack:flex-end;-ms-flex-pack:end;-webkit-justify-content:flex-end;-moz-box-pack:flex-end;justify-content:flex-end}.gb_Jd{height:48px}.gb_Fa.gb_Jd{min-width:auto}.gb_Jd .gb_Cd{float:right;padding-left:32px}.gb_Jd .gb_Cd.gb_Ld{padding-left:0}.gb_Md{font-size:14px;max-width:200px;overflow:hidden;padding:0 12px;text-overflow:ellipsis;white-space:nowrap;-moz-user-select:text;-ms-user-select:text;-webkit-user-select:text}.gb_pd{-webkit-transition:background-color .4s;-webkit-transition:background-color .4s;-o-transition:background-color .4s;transition:background-color .4s}.gb_Nd{color:black}.gb_Lc{color:white}.gb_Fa a,.gb_Pc a{color:inherit}.gb_ba{color:rgba(0,0,0,.87)}.gb_Fa svg,.gb_Pc svg,.gb_sd .gb_td,.gb_2c .gb_td{color:#5f6368;opacity:1}.gb_Lc svg,.gb_Pc.gb_Uc svg,.gb_Lc .gb_sd .gb_td,.gb_Lc .gb_sd .gb_Kc,.gb_Lc .gb_sd .gb_vd,.gb_Pc.gb_Uc .gb_td{color:rgba(255,255,255,.87)}.gb_Lc .gb_sd .gb_Od:not(.gb_Pd){opacity:.87}.gb_ad{color:inherit;opacity:1;text-rendering:optimizeLegibility;-webkit-font-smoothing:antialiased;-moz-osx-font-smoothing:grayscale}.gb_Lc .gb_ad,.gb_Nd .gb_ad{opacity:1}.gb_Qd{position:relative}.gb_M{font-family:arial,sans-serif;line-height:normal;padding-right:15px}a.gb_X,span.gb_X{color:rgba(0,0,0,.87);text-decoration:none}.gb_Lc a.gb_X,.gb_Lc span.gb_X{color:white}a.gb_X:focus{outline-offset:2px}a.gb_X:hover{text-decoration:underline}.gb_Z{display:inline-block;padding-left:15px}.gb_Z .gb_X{display:inline-block;line-height:24px;vertical-align:middle}.gb_qd{font-family:Google Sans,Roboto,Helvetica,Arial,sans-serif;font-weight:500;font-size:14px;letter-spacing:.25px;line-height:16px;margin-left:10px;margin-right:8px;min-width:96px;padding:9px 23px;text-align:center;vertical-align:middle;border-radius:4px;-moz-box-sizing:border-box;box-sizing:border-box}.gb_Fa.gb_Jd .gb_qd{margin-left:8px}#gb a.gb_Ua.gb_qd{cursor:pointer}.gb_Ua.gb_qd:hover{background:#1b66c9;-webkit-box-shadow:0 1px 3px 1px rgba(66,64,67,.15),0 1px 2px 0 rgba(60,64,67,.3);-moz-box-shadow:0 1px 3px 1px rgba(66,64,67,.15),0 1px 2px 0 rgba(60,64,67,.3);box-shadow:0 1px 3px 1px rgba(66,64,67,.15),0 1px 2px 0 rgba(60,64,67,.3)}.gb_Ua.gb_qd:focus,.gb_Ua.gb_qd:hover:focus{background:#1c5fba;-webkit-box-shadow:0 1px 3px 1px rgba(66,64,67,.15),0 1px 2px 0 rgba(60,64,67,.3);-moz-box-shadow:0 1px 3px 1px rgba(66,64,67,.15),0 1px 2px 0 rgba(60,64,67,.3);box-shadow:0 1px 3px 1px rgba(66,64,67,.15),0 1px 2px 0 rgba(60,64,67,.3)}.gb_Ua.gb_qd:active{background:#1b63c1;-webkit-box-shadow:0 1px 3px 1px rgba(66,64,67,.15),0 1px 2px 0 rgba(60,64,67,.3);-moz-box-shadow:0 1px 3px 1px rgba(66,64,67,.15),0 1px 2px 0 rgba(60,64,67,.3);box-shadow:0 1px 3px 1px rgba(66,64,67,.15),0 1px 2px 0 rgba(60,64,67,.3)}.gb_qd{background:#1a73e8;border:1px solid transparent}.gb_Fa.gb_cc .gb_qd{padding:9px 15px;min-width:80px}.gb_Rd{text-align:left}#gb .gb_Lc a.gb_qd:not(.gb_H),#gb.gb_Lc a.gb_qd{background:#fff;border-color:#dadce0;-webkit-box-shadow:none;-moz-box-shadow:none;box-shadow:none;color:#1a73e8}#gb a.gb_Ua.gb_H.gb_qd{background:#8ab4f8;border:1px solid transparent;-webkit-box-shadow:none;-moz-box-shadow:none;box-shadow:none;color:#202124}#gb .gb_Lc a.gb_qd:hover:not(.gb_H),#gb.gb_Lc a.gb_qd:hover{background:#f8fbff;border-color:#cce0fc}#gb a.gb_Ua.gb_H.gb_qd:hover{background:#93baf9;border-color:transparent;-webkit-box-shadow:0 1px 3px 1px rgba(0,0,0,.15),0 1px 2px rgba(0,0,0,.3);-moz-box-shadow:0 1px 3px 1px rgba(0,0,0,.15),0 1px 2px rgba(0,0,0,.3);box-shadow:0 1px 3px 1px rgba(0,0,0,.15),0 1px 2px rgba(0,0,0,.3)}#gb .gb_Lc a.gb_qd:focus:not(.gb_H),#gb .gb_Lc a.gb_qd:focus:hover:not(.gb_H),#gb.gb_Lc a.gb_qd:focus:not(.gb_H),#gb.gb_Lc a.gb_qd:focus:hover:not(.gb_H){background:#f4f8ff;outline:1px solid #c9ddfc}#gb a.gb_Ua.gb_H.gb_qd:focus,#gb a.gb_Ua.gb_H.gb_qd:focus:hover{background:#a6c6fa;border-color:transparent;-webkit-box-shadow:none;-moz-box-shadow:none;box-shadow:none}#gb .gb_Lc a.gb_qd:active:not(.gb_H),#gb.gb_Lc a.gb_qd:active{background:#ecf3fe}#gb a.gb_Ua.gb_H.gb_qd:active{background:#a1c3f9;-webkit-box-shadow:0 1px 2px rgba(60,64,67,.3),0 2px 6px 2px rgba(60,64,67,.15);-moz-box-shadow:0 1px 2px rgba(60,64,67,.3),0 2px 6px 2px rgba(60,64,67,.15);box-shadow:0 1px 2px rgba(60,64,67,.3),0 2px 6px 2px rgba(60,64,67,.15)}.gb_K{display:none}@media screen and (max-width:319px){.gb_ld .gb_J{display:none;visibility:hidden}}.gb_Wa{background-color:rgba(255,255,255,.88);border:1px solid #dadce0;-moz-box-sizing:border-box;-webkit-box-sizing:border-box;box-sizing:border-box;cursor:pointer;display:inline-block;max-height:48px;overflow:hidden;outline:none;padding:0;vertical-align:middle;width:134px;-webkit-border-radius:8px;-moz-border-radius:8px;border-radius:8px}.gb_Wa.gb_H{background-color:transparent;border:1px solid #5f6368}.gb_3a{display:inherit}.gb_Wa.gb_H .gb_3a{background:#fff;-webkit-border-radius:4px;-moz-border-radius:4px;border-radius:4px;display:inline-block;left:8px;margin-right:5px;position:relative;padding:3px;top:-1px}.gb_Wa:hover{border:1px solid #d2e3fc;background-color:rgba(248,250,255,.88)}.gb_Wa.gb_H:hover{background-color:rgba(241,243,244,.04);border:1px solid #5f6368}.gb_Wa:focus-visible,.gb_Wa:focus{background-color:#fff;outline:1px solid #202124;-webkit-box-shadow:0 1px 2px 0 rgba(60,64,67,.3),0 1px 3px 1px rgba(60,64,67,.15);-moz-box-shadow:0 1px 2px 0 rgba(60,64,67,.3),0 1px 3px 1px rgba(60,64,67,.15);box-shadow:0 1px 2px 0 rgba(60,64,67,.3),0 1px 3px 1px rgba(60,64,67,.15)}.gb_Wa.gb_H:focus-visible,.gb_Wa.gb_H:focus{background-color:rgba(241,243,244,.12);outline:1px solid #f1f3f4;-webkit-box-shadow:0 1px 3px 1px rgba(0,0,0,.15),0 1px 2px 0 rgba(0,0,0,.3);-moz-box-shadow:0 1px 3px 1px rgba(0,0,0,.15),0 1px 2px 0 rgba(0,0,0,.3);box-shadow:0 1px 3px 1px rgba(0,0,0,.15),0 1px 2px 0 rgba(0,0,0,.3)}.gb_Wa.gb_H:active,.gb_Wa.gb_Tc.gb_H:focus{background-color:rgba(241,243,244,.1);border:1px solid #5f6368}.gb_4a{display:inline-block;padding-bottom:2px;padding-left:7px;padding-top:2px;text-align:center;vertical-align:middle;line-height:32px;width:78px}.gb_Wa.gb_H .gb_4a{line-height:26px;margin-left:0;padding-bottom:0;padding-left:0;padding-top:0;width:72px}.gb_4a.gb_5a{background-color:#f1f3f4;-webkit-border-radius:4px;-moz-border-radius:4px;border-radius:4px;margin-left:8px;padding-left:0;line-height:30px}.gb_4a.gb_5a .gb_Ic{vertical-align:middle}.gb_Fa:not(.gb_cc) .gb_Wa{margin-left:10px;margin-right:4px}.gb_Sd{max-height:32px;width:78px}.gb_Wa.gb_H .gb_Sd{max-height:26px;width:72px}.gb_P{-webkit-background-size:32px 32px;-o-background-size:32px 32px;background-size:32px 32px;border:0;-webkit-border-radius:50%;-moz-border-radius:50%;border-radius:50%;display:block;margin:0px;position:relative;height:32px;width:32px;z-index:0}.gb_eb{background-color:#e8f0fe;border:1px solid rgba(32,33,36,.08);position:relative}.gb_eb.gb_P{height:30px;width:30px}.gb_eb.gb_P:hover,.gb_eb.gb_P:active{-webkit-box-shadow:none;-moz-box-shadow:none;box-shadow:none}.gb_fb{background:#fff;border:none;-webkit-border-radius:50%;-moz-border-radius:50%;border-radius:50%;bottom:2px;-webkit-box-shadow:0px 1px 2px 0px rgba(60,64,67,.30),0px 1px 3px 1px rgba(60,64,67,.15);-moz-box-shadow:0px 1px 2px 0px rgba(60,64,67,.30),0px 1px 3px 1px rgba(60,64,67,.15);box-shadow:0px 1px 2px 0px rgba(60,64,67,.30),0px 1px 3px 1px rgba(60,64,67,.15);height:14px;margin:2px;position:absolute;right:0;width:14px}.gb_wc{color:#1f71e7;font:400 22px/32px Google Sans,Roboto,Helvetica,Arial,sans-serif;text-align:center;text-transform:uppercase}@media (-webkit-min-device-pixel-ratio:1.25),(min-resolution:1.25dppx),(min-device-pixel-ratio:1.25){.gb_P::before,.gb_gb::before{display:inline-block;-webkit-transform:scale(0.5);-webkit-transform:scale(0.5);-ms-transform:scale(0.5);-o-transform:scale(0.5);transform:scale(0.5);-webkit-transform-origin:left 0;-webkit-transform-origin:left 0;-ms-transform-origin:left 0;-o-transform-origin:left 0;transform-origin:left 0}.gb_3 .gb_gb::before{-webkit-transform:scale(scale(0.416666667));-webkit-transform:scale(scale(0.416666667));-ms-transform:scale(scale(0.416666667));-o-transform:scale(scale(0.416666667));transform:scale(scale(0.416666667))}}.gb_P:hover,.gb_P:focus{-webkit-box-shadow:0 1px 0 rgba(0,0,0,.15);-moz-box-shadow:0 1px 0 rgba(0,0,0,.15);box-shadow:0 1px 0 rgba(0,0,0,.15)}.gb_P:active{-webkit-box-shadow:inset 0 2px 0 rgba(0,0,0,.15);-moz-box-shadow:inset 0 2px 0 rgba(0,0,0,.15);box-shadow:inset 0 2px 0 rgba(0,0,0,.15)}.gb_P:active::after{background:rgba(0,0,0,.1);-webkit-border-radius:50%;-moz-border-radius:50%;border-radius:50%;content:"";display:block;height:100%}.gb_hb{cursor:pointer;line-height:40px;min-width:30px;opacity:.75;overflow:hidden;vertical-align:middle;text-overflow:ellipsis}.gb_B.gb_hb{width:auto}.gb_hb:hover,.gb_hb:focus{opacity:.85}.gb_gd .gb_hb,.gb_gd .gb_Ud{line-height:26px}#gb#gb.gb_gd a.gb_hb,.gb_gd .gb_Ud{font-size:11px;height:auto}.gb_ib{border-top:4px solid #000;border-left:4px dashed transparent;border-right:4px dashed transparent;display:inline-block;margin-left:6px;opacity:.75;vertical-align:middle}.gb_Za:hover .gb_ib{opacity:.85}.gb_Wa>.gb_z{padding:3px 3px 3px 4px}.gb_Vd.gb_nd{color:#fff}.gb_1 .gb_hb,.gb_1 .gb_ib{opacity:1}#gb#gb.gb_1.gb_1 a.gb_hb,#gb#gb .gb_1.gb_1 a.gb_hb{color:#fff}.gb_1.gb_1 .gb_ib{border-top-color:#fff;opacity:1}.gb_ka .gb_P:hover,.gb_1 .gb_P:hover,.gb_ka .gb_P:focus,.gb_1 .gb_P:focus{-webkit-box-shadow:0 1px 0 rgba(0,0,0,.15),0 1px 2px rgba(0,0,0,.2);-moz-box-shadow:0 1px 0 rgba(0,0,0,.15),0 1px 2px rgba(0,0,0,.2);box-shadow:0 1px 0 rgba(0,0,0,.15),0 1px 2px rgba(0,0,0,.2)}.gb_Wd .gb_z,.gb_Xd .gb_z{position:absolute;right:1px}.gb_z.gb_0,.gb_jb.gb_0,.gb_Za.gb_0{-webkit-flex:0 1 auto;-webkit-box-flex:0;-moz-box-flex:0;-ms-flex:0 1 auto;flex:0 1 auto}.gb_Zd.gb_0d .gb_hb{width:30px!important}.gb_1d{height:40px;position:absolute;right:-5px;top:-5px;width:40px}.gb_2d .gb_1d,.gb_3d .gb_1d{right:0;top:0}.gb_z .gb_B{padding:4px}.gb_S{display:none}sentinel{}</style><script nonce="duU5oeJw-fLczXQQQSy5qA"> window['_DRIVE_VIEWER_ctiming']['ogb_hl']=performance.now(); </script><script nonce="duU5oeJw-fLczXQQQSy5qA"> window['_DRIVE_VIEWER_ctiming']['hl']=performance.now(); </script></head><body role="application" class="yYWAMb XV0XSd KkxPLb bvmRsc" dir="ltr" itemscope itemtype="http://schema.org/CreativeWork/DocumentObject"><script nonce="duU5oeJw-fLczXQQQSy5qA"> window['_DRIVE_VIEWER_ctiming']['shs']=performance.now(); </script><script nonce="duU5oeJw-fLczXQQQSy5qA"> window['_DRIVE_VIEWER_ctiming']['shl']=performance.now(); </script><div style="display:none"><script nonce="duU5oeJw-fLczXQQQSy5qA"> window['_DRIVE_VIEWER_ctiming']['ogb_bs']=performance.now(); </script><div id="one-google-bar" class="ndfHFb-c4YZDc-Woal0c-jcJzye-ZMv3u ndfHFb-c4YZDc-n1UuX-Bz112c"><div class="gb_Fa gb_Jd gb_2d gb_H gb_Lc" id="gb" style="background-color:transparent"><div class="gb_Cd gb_Zd gb_xd" ng-non-bindable="" data-ogsr-up="" style="padding:0"><div class="gb_Qe" style="display:block"><div class="gb_3c"></div><a class="gb_Ua gb_zd gb_qd gb_H gb_hd" aria-label="Sign in" href="https://accounts.google.com/ServiceLogin?service=wise&amp;passive=1209600&amp;osid=1&amp;continue=https://drive.google.com/file/d/1AAlgph3LELSsaBTpMmY2Nnh8z1AFHGCh/view?usp%3Dsharing&amp;followup=https://drive.google.com/file/d/1AAlgph3LELSsaBTpMmY2Nnh8z1AFHGCh/view?usp%3Dsharing&amp;ec=GAZAGQ" target="_top"><span class="gb_Td">Sign in</span></a></div></div></div><script nonce="duU5oeJw-fLczXQQQSy5qA">this.gbar_=this.gbar_||{};(function(_){var window=this;
try{
_.ae=function(a,b,c){if(!a.j)if(c instanceof Array){c=_.C(c);for(var d=c.next();!d.done;d=c.next())_.ae(a,b,d.value)}else{d=(0,_.D)(a.C,a,b);var e=a.v+c;a.v++;b.dataset.eqid=e;a.B[e]=d;b&&b.addEventListener?b.addEventListener(c,d,!1):b&&b.attachEvent?b.attachEvent("on"+c,d):a.o.log(Error("Q`"+b))}};
}catch(e){_._DumpException(e)}
try{
_.be=function(){if(!_.q.addEventListener||!Object.defineProperty)return!1;var a=!1,b=Object.defineProperty({},"passive",{get:function(){a=!0}});try{var c=function(){};_.q.addEventListener("test",c,b);_.q.removeEventListener("test",c,b)}catch(d){}return a}();
}catch(e){_._DumpException(e)}
try{
var ce=document.querySelector(".gb_J .gb_B"),de=document.querySelector("#gb.gb_Sc");ce&&!de&&_.ae(_.Nd,ce,"click");
}catch(e){_._DumpException(e)}
try{
var Oh=function(a){_.U.call(this);this.B=a;this.v=null;this.o={};this.C={};this.i={};this.j=null};_.A(Oh,_.U);_.Ph=function(a){if(a.v)return a.v;for(var b in a.i)if(a.i[b].we()&&a.i[b].eb())return a.i[b];return null};Oh.prototype.A=function(a){this.i[a]&&(_.Ph(this)&&_.Ph(this).zc()==a||this.i[a].rd(!0))};Oh.prototype.Pa=function(a){this.j=a;for(var b in this.i)this.i[b].we()&&this.i[b].Pa(a)};_.Qh=function(a,b){a.i[b.zc()]=b};Oh.prototype.Rb=function(a){return a in this.i?this.i[a]:null};var Rh=new Oh(_.Md);_.Qd("dd",Rh);
}catch(e){_._DumpException(e)}
try{
_.hj=function(a,b){return _.P(a,36,b)};
}catch(e){_._DumpException(e)}
try{
var ij=document.querySelector(".gb_z .gb_B"),jj=document.querySelector("#gb.gb_Sc");ij&&!jj&&_.ae(_.Nd,ij,"click");
}catch(e){_._DumpException(e)}
})(this.gbar_);
// Google Inc.
</script></div><script nonce="duU5oeJw-fLczXQQQSy5qA"> window['_DRIVE_VIEWER_ctiming']['ogb_bl']=performance.now(); </script></div><meta itemprop="name" content="Vizient_Membership_Eligibility-02-06-2025.csv"><meta itemprop="faviconUrl" content="https://ssl.gstatic.com/images/branding/product/1x/drive_2020q4_32dp.png"><meta itemprop="url" content="https://drive.google.com/file/d/1AAlgph3LELSsaBTpMmY2Nnh8z1AFHGCh/view?usp=sharing&amp;usp=embed_googleplus"><meta itemprop="embedURL" content="https://drive.google.com/file/d/1AAlgph3LELSsaBTpMmY2Nnh8z1AFHGCh/preview?usp=embed_googleplus"><div ng-non-bindable=""></div><script nonce="duU5oeJw-fLczXQQQSy5qA">this.gbar_=this.gbar_||{};(function(_){var window=this;
try{
var fe=function(){_.aa.call(this)};_.A(fe,_.Rd);_.ge=function(a,b){if(b in a.i)return a.i[b];throw new fe(b);};_.he=function(a){return _.ge(_.Od.i(),a)};
}catch(e){_._DumpException(e)}
try{
/*

 Copyright Google LLC
 SPDX-License-Identifier: Apache-2.0
*/
var ke,le;_.ie=function(a){var b=a.length;if(b>0){for(var c=Array(b),d=0;d<b;d++)c[d]=a[d];return c}return[]};ke=function(a){return new _.je(function(b){return b.substr(0,a.length+1).toLowerCase()===a+":"})};le=0;_.me=function(a){return Object.prototype.hasOwnProperty.call(a,_.cc)&&a[_.cc]||(a[_.cc]=++le)};_.ne=globalThis.trustedTypes;_.oe=function(a){this.i=a};_.oe.prototype.toString=function(){return this.i};_.pe=new _.oe("about:invalid#zClosurez");_.je=function(a){this.uj=a};_.qe=[ke("data"),ke("http"),ke("https"),ke("mailto"),ke("ftp"),new _.je(function(a){return/^[^:]*([/?#]|$)/.test(a)})];_.re=function(a){this.i=a};_.re.prototype.toString=function(){return this.i+""};_.se=new _.re(_.ne?_.ne.emptyHTML:"");
}catch(e){_._DumpException(e)}
try{
var ye,Ne,xe,ze;_.te=function(a){return a==null?a:(0,_.fb)(a)?a|0:void 0};_.ue=function(a){if(a==null)return a;if(typeof a==="string"&&a)a=+a;else if(typeof a!=="number")return;return(0,_.fb)(a)?a|0:void 0};_.ve=function(a,b){return a.lastIndexOf(b,0)==0};_.we=function(a){return/^[\s\xa0]*$/.test(a)};ye=function(){var a=null;if(!xe)return a;try{var b=function(c){return c};a=xe.createPolicy("ogb-qtm#html",{createHTML:b,createScript:b,createScriptURL:b})}catch(c){}return a};
_.Ae=function(){ze===void 0&&(ze=ye());return ze};_.Ce=function(a){var b=_.Ae();return new _.Be(b?b.createScriptURL(a):a)};_.De=function(a){if(a instanceof _.Be)return a.i;throw Error("U");};_.Fe=function(a){if(Ee.test(a))return a};_.Ge=function(a){if(a instanceof _.oe)if(a instanceof _.oe)a=a.i;else throw Error("U");else a=_.Fe(a);return a};
_.He=function(a,b){b=b===void 0?document:b;var c,d;b=(d=(c=b).querySelector)==null?void 0:d.call(c,a+"[nonce]");return b==null?"":b.nonce||b.getAttribute("nonce")||""};_.Ie=function(a,b,c){return _.Db(a,b,c)!==void 0};_.Je=function(a,b){return _.ue(_.nd(a,b))};_.Ke=function(a,b){return _.te(_.nd(a,b))};_.V=function(a,b,c){c=c===void 0?0:c;var d;return(d=_.Je(a,b))!=null?d:c};_.Le=function(a,b,c){c=c===void 0?0:c;var d;return(d=_.Ke(a,b))!=null?d:c};
_.Me=function(a){var b=_.db(a);return b=="array"||b=="object"&&typeof a.length=="number"};xe=_.ne;_.Be=function(a){this.i=a};_.Be.prototype.toString=function(){return this.i+""};var Ee=/^\s*(?!javascript:)(?:[\w+.-]+:|[^:/?#]*(?:[/?#]|$))/i;var Se,We,Oe;_.Qe=function(a){return a?new Oe(_.Pe(a)):Ne||(Ne=new Oe)};_.Re=function(a,b){return typeof b==="string"?a.getElementById(b):b};_.W=function(a,b){var c=b||document;c.getElementsByClassName?a=c.getElementsByClassName(a)[0]:(c=document,a?a=(b||c).querySelector(a?"."+a:""):(b=b||c,a=(a?b.querySelectorAll(a?"."+a:""):b.getElementsByTagName("*"))[0]||null));return a||null};
_.Te=function(a,b){_.Gb(b,function(c,d){d=="style"?a.style.cssText=c:d=="class"?a.className=c:d=="for"?a.htmlFor=c:Se.hasOwnProperty(d)?a.setAttribute(Se[d],c):_.ve(d,"aria-")||_.ve(d,"data-")?a.setAttribute(d,c):a[d]=c})};Se={cellpadding:"cellPadding",cellspacing:"cellSpacing",colspan:"colSpan",frameborder:"frameBorder",height:"height",maxlength:"maxLength",nonce:"nonce",role:"role",rowspan:"rowSpan",type:"type",usemap:"useMap",valign:"vAlign",width:"width"};
_.Ue=function(a){return a?a.defaultView:window};_.Xe=function(a,b){var c=b[1],d=_.Ve(a,String(b[0]));c&&(typeof c==="string"?d.className=c:Array.isArray(c)?d.className=c.join(" "):_.Te(d,c));b.length>2&&We(a,d,b);return d};
We=function(a,b,c){function d(h){h&&b.appendChild(typeof h==="string"?a.createTextNode(h):h)}for(var e=2;e<c.length;e++){var f=c[e];if(!_.Me(f)||_.bc(f)&&f.nodeType>0)d(f);else{a:{if(f&&typeof f.length=="number"){if(_.bc(f)){var g=typeof f.item=="function"||typeof f.item=="string";break a}if(typeof f==="function"){g=typeof f.item=="function";break a}}g=!1}_.yc(g?_.ie(f):f,d)}}};_.Ye=function(a){return _.Ve(document,a)};
_.Ve=function(a,b){b=String(b);a.contentType==="application/xhtml+xml"&&(b=b.toLowerCase());return a.createElement(b)};_.Ze=function(a){for(var b;b=a.firstChild;)a.removeChild(b)};_.$e=function(a){return a&&a.parentNode?a.parentNode.removeChild(a):null};_.af=function(a,b){if(!a||!b)return!1;if(a.contains&&b.nodeType==1)return a==b||a.contains(b);if(typeof a.compareDocumentPosition!="undefined")return a==b||!!(a.compareDocumentPosition(b)&16);for(;b&&a!=b;)b=b.parentNode;return b==a};
_.Pe=function(a){return a.nodeType==9?a:a.ownerDocument||a.document};Oe=function(a){this.i=a||_.q.document||document};_.l=Oe.prototype;_.l.H=function(a){return _.Re(this.i,a)};_.l.Ua=function(a,b,c){return _.Xe(this.i,arguments)};_.l.appendChild=function(a,b){a.appendChild(b)};_.l.Se=_.Ze;_.l.ug=_.$e;_.l.tg=_.af;
}catch(e){_._DumpException(e)}
try{
_.oj=function(a){var b=_.He("script",a.ownerDocument);b&&a.setAttribute("nonce",b)};_.pj=function(a){if(!a)return null;a=_.M(a,4);var b;a===null||a===void 0?b=null:b=_.Ce(a);return b};_.qj=function(a){this.J=_.w(a)};_.A(_.qj,_.T);_.rj=function(a,b){return(b||document).getElementsByTagName(String(a))};
}catch(e){_._DumpException(e)}
try{
var tj=function(a,b,c){a<b?sj(a+1,b):_.Md.log(Error("sa`"+a+"`"+b),{url:c})},sj=function(a,b){if(uj){var c=_.Ye("SCRIPT");c.async=!0;c.type="text/javascript";c.charset="UTF-8";c.src=_.De(uj);_.oj(c);c.onerror=_.fc(tj,a,b,c.src);_.rj("HEAD")[0].appendChild(c)}},vj=function(a){this.J=_.w(a)};_.A(vj,_.T);var wj=_.I(_.Id,vj,17)||new vj,xj,uj=(xj=_.I(wj,_.qj,1))?_.pj(xj):null,yj,zj=(yj=_.I(wj,_.qj,2))?_.pj(yj):null,Aj=function(){sj(1,2);if(zj){var a=_.Ye("LINK");a.setAttribute("type","text/css");a.href=_.De(zj).toString();a.rel="stylesheet";var b=_.He("style",document);b&&a.setAttribute("nonce",b);_.rj("HEAD")[0].appendChild(a)}};(function(){var a=_.Jd();if(_.L(a,18))Aj();else{var b=_.Je(a,19)||0;window.addEventListener("load",function(){window.setTimeout(Aj,b)})}})();
}catch(e){_._DumpException(e)}
})(this.gbar_);
// Google Inc.
</script><script nonce="duU5oeJw-fLczXQQQSy5qA"> window['_DRIVE_VIEWER_ctiming']['jls']=performance.now(); </script><script id="base-js" async type="text/javascript" src="https://www.gstatic.com/_/apps-fileview/_/js/k=apps-fileview.v.en.rtY7Vh47zg4.O/am=AAY/d=1/rs=AO0039sg3NWsmBYN3N2Yt-pFyyNCbGkCVA/m=v,wb" nonce="duU5oeJw-fLczXQQQSy5qA"></script><script nonce="duU5oeJw-fLczXQQQSy5qA">window['_DRIVE_VIEWER_stiming'] = [101,101,101,164,null,164,1741322689269];</script></body></html>